user_id,day_type,transport_mode,distance_km,electricity_kwh,renewable_usage_pct,food_type,screen_time_hours,waste_generated_kg,eco_actions,carbon_footprint_kg,carbon_impact_level
1,Weekend,EV,1.55,6.12,0,Non-Veg,2.4,0.7,1,11.03,High
1,Weekend,Walk,10.04,4.5,0,Mixed,4.1,0.54,1,7.44,Medium
1,Weekday,Walk,15.27,2.81,0,Mixed,4.0,0.51,1,6.01,Medium
1,Weekend,Walk,0.5,10.16,0,Mixed,6.3,0.73,0,12.7,High
1,Weekend,Walk,3.6,5.02,50,Mixed,5.1,0.64,0,6.33,Medium
1,Weekday,EV,7.77,5.14,50,Veg,4.2,0.73,1,4.89,Low
1,Weekend,Bike,6.87,7.14,75,Mixed,2.6,0.45,0,5.5,Low
2,Weekend,Bus,0.5,4.76,25,Non-Veg,3.0,0.66,1,8.86,Medium
2,Weekday,Walk,14.33,8.78,50,Non-Veg,7.4,0.8,0,10.06,Medium
2,Weekday,Car,9.51,7.78,0,Mixed,2.4,1.03,1,12.72,High
2,Weekend,Car,9.25,9.62,75,Mixed,5.3,0.91,3,7.31,Medium
2,Weekday,Bike,9.42,2.47,0,Mixed,2.8,1.0,0,6.73,Medium
2,Weekend,EV,0.5,9.06,25,Non-Veg,8.4,0.73,1,11.57,High
2,Weekday,Walk,6.02,6.8,0,Mixed,8.5,0.75,4,8.38,Medium
3,Weekend,Bike,11.49,7.73,75,Mixed,4.2,0.81,2,5.26,Low
3,Weekend,Bike,4.53,7.42,25,Mixed,3.6,0.82,0,9.05,Medium
3,Weekday,Bike,13.81,7.11,0,Veg,5.6,0.68,2,7.85,Medium
3,Weekend,Bus,11.62,3.96,0,Mixed,2.3,0.86,2,7.91,Medium
3,Weekday,Walk,13.91,6.95,0,Veg,3.0,0.93,0,8.82,Medium
3,Weekend,Car,5.97,9.47,0,Veg,7.1,1.02,1,11.84,High
3,Weekday,Bike,14.35,11.36,0,Veg,7.8,0.67,0,12.11,High
4,Weekend,Bus,3.73,3.54,50,Mixed,3.2,0.75,1,5.75,Low
4,Weekday,Bike,8.87,5.75,75,Non-Veg,8.1,0.9,2,6.96,Medium
4,Weekday,Bus,7.08,5.74,75,Veg,8.3,0.7,1,4.18,Low
4,Weekday,Bike,17.2,4.77,75,Non-Veg,8.2,0.86,0,7.51,Medium
4,Weekday,Bus,16.87,6.85,0,Mixed,3.1,0.6,2,10.38,Medium
4,Weekday,Walk,14.94,4.61,0,Veg,4.3,0.89,3,5.65,Low
4,Weekday,Bike,17.07,3.86,0,Mixed,8.8,0.58,2,6.57,Medium
5,Weekend,Car,16.94,7.23,25,Non-Veg,3.4,0.63,0,14.26,High
5,Weekend,Walk,9.91,5.13,75,Mixed,8.7,0.92,2,4.86,Low
5,Weekday,EV,11.5,8.39,100,Veg,8.7,0.73,2,2.54,Low
5,Weekday,Car,15.11,7.45,75,Mixed,6.9,0.57,1,8.49,Medium
5,Weekend,Car,6.23,5.0,75,Non-Veg,7.2,1.04,1,8.68,Medium
5,Weekend,Car,10.22,7.99,75,Non-Veg,8.4,0.93,1,9.99,Medium
5,Weekend,Bike,8.28,9.11,50,Non-Veg,7.6,0.76,1,9.75,Medium
6,Weekday,Bus,15.04,6.21,25,Veg,4.0,0.63,1,7.37,Medium
6,Weekend,Bus,2.43,5.68,25,Veg,7.4,0.84,0,6.7,Medium
6,Weekday,Bike,6.92,6.36,25,Mixed,6.5,0.6,3,6.94,Medium
6,Weekday,Bus,9.35,7.82,25,Non-Veg,2.5,0.83,1,11.66,High
6,Weekend,Bike,9.46,5.43,25,Veg,7.0,0.6,1,5.66,Low
6,Weekend,Walk,14.49,8.14,25,Mixed,3.7,0.99,0,9.69,Medium
6,Weekday,Bike,9.17,5.85,0,Non-Veg,5.4,1.11,1,11.23,High
7,Weekend,Car,12.53,3.19,50,Veg,2.3,0.96,2,6.29,Medium
7,Weekday,Bus,6.26,5.4,25,Mixed,8.6,0.68,1,7.74,Medium
7,Weekday,Walk,9.54,9.56,25,Non-Veg,8.6,0.76,1,11.89,High
7,Weekend,Car,5.57,4.89,0,Mixed,7.9,0.71,0,9.53,Medium
7,Weekday,Walk,9.64,7.29,0,Mixed,6.9,0.85,2,9.7,Medium
7,Weekend,Car,7.23,6.75,75,Non-Veg,8.9,0.53,1,8.64,Medium
7,Weekday,EV,9.32,7.85,75,Non-Veg,8.0,0.98,1,8.26,Medium
8,Weekday,Car,10.24,9.8,0,Veg,8.3,0.87,1,12.83,High
8,Weekday,Bus,13.3,7.21,100,Non-Veg,6.0,0.71,0,7.41,Medium
8,Weekday,Walk,20.37,9.62,50,Non-Veg,7.5,0.63,1,9.8,Medium
8,Weekend,Bus,3.2,7.43,25,Mixed,5.1,0.81,0,9.3,Medium
8,Weekday,Walk,15.22,8.19,50,Non-Veg,2.7,0.76,0,9.77,Medium
8,Weekend,Walk,4.27,7.82,75,Mixed,6.9,1.1,3,5.22,Low
8,Weekend,Car,4.09,3.78,75,Veg,2.8,1.18,1,4.65,Low
9,Weekday,Car,13.29,4.4,50,Non-Veg,6.1,0.67,0,10.89,Medium
9,Weekday,Bike,13.61,5.27,100,Non-Veg,2.1,0.78,1,6.03,Medium
9,Weekday,EV,12.28,7.66,100,Non-Veg,2.5,0.78,2,6.13,Medium
9,Weekend,Bus,6.22,9.76,25,Veg,8.3,0.53,0,9.14,Medium
9,Weekday,Bus,11.56,7.64,50,Veg,3.9,0.66,1,6.45,Medium
9,Weekend,Walk,0.58,2.44,75,Veg,6.8,0.76,0,3.41,Low
9,Weekday,Car,6.72,9.18,75,Non-Veg,8.1,0.92,1,9.5,Medium
10,Weekend,Car,4.12,6.95,75,Mixed,7.9,0.72,1,6.26,Medium
10,Weekday,Walk,11.57,6.24,75,Mixed,7.7,1.04,2,5.23,Low
10,Weekday,Walk,13.25,4.42,100,Mixed,6.2,0.71,0,4.35,Low
10,Weekend,EV,10.24,9.11,25,Veg,2.8,0.79,3,7.76,Medium
10,Weekday,Bike,20.19,8.19,25,Mixed,2.9,0.77,0,9.46,Medium
10,Weekday,Walk,14.58,8.8,50,Mixed,3.5,0.95,1,7.85,Medium
10,Weekend,Bike,0.5,5.85,25,Veg,7.5,0.88,1,6.26,Medium
11,Weekend,Car,5.94,8.74,0,Veg,5.2,0.85,1,11.03,High
11,Weekday,Walk,13.61,7.08,0,Veg,2.9,0.84,0,8.81,Medium
11,Weekday,Walk,13.47,5.61,0,Mixed,4.4,0.84,1,8.71,Medium
11,Weekday,EV,15.82,6.35,0,Non-Veg,2.6,0.69,0,12.17,High
11,Weekday,Car,6.26,6.96,25,Veg,5.5,0.83,2,7.79,Medium
11,Weekend,Bus,6.17,7.1,75,Veg,7.2,0.81,0,4.92,Low
11,Weekday,EV,9.81,5.09,25,Mixed,6.3,0.73,1,7.5,Medium
12,Weekday,EV,3.23,6.15,25,Mixed,5.7,0.66,0,8.2,Medium
12,Weekend,Bike,12.1,2.0,0,Non-Veg,3.9,0.56,1,7.41,Medium
12,Weekend,Walk,5.81,3.72,75,Non-Veg,6.2,0.53,2,6.09,Medium
12,Weekend,Bus,6.31,3.56,25,Mixed,7.2,0.39,0,6.66,Medium
12,Weekend,Bike,5.24,7.62,25,Veg,4.5,0.33,2,6.29,Medium
12,Weekday,EV,9.4,4.23,0,Veg,4.0,0.61,2,5.77,Low
12,Weekday,EV,8.68,5.81,75,Veg,7.7,0.58,0,4.23,Low
13,Weekday,Bike,14.11,5.19,25,Mixed,6.0,0.75,0,7.59,Medium
13,Weekday,Bus,8.95,3.44,25,Veg,3.7,0.2,0,5.07,Low
13,Weekend,EV,0.5,6.25,25,Veg,3.1,1.12,0,7.21,Medium
13,Weekend,Bus,0.5,3.27,0,Mixed,8.9,0.48,1,6.4,Medium
13,Weekend,Bus,9.34,2.78,50,Mixed,6.2,0.1,2,4.71,Low
13,Weekday,Walk,8.81,5.12,0,Non-Veg,2.5,0.58,3,9.19,Medium
13,Weekday,Bike,9.62,5.87,0,Non-Veg,3.1,0.67,1,10.72,Medium
14,Weekend,EV,10.14,9.52,25,Non-Veg,4.6,0.78,1,12.29,High
14,Weekend,Walk,6.07,10.38,0,Non-Veg,8.3,1.02,2,14.44,High
14,Weekday,Car,3.16,7.66,0,Mixed,3.0,0.97,2,10.81,Medium
14,Weekday,Walk,12.73,7.8,0,Non-Veg,4.2,1.02,0,13.13,High
14,Weekday,Bus,8.58,10.08,75,Non-Veg,4.4,0.94,1,8.98,Medium
14,Weekday,Bike,17.15,6.56,0,Non-Veg,3.6,1.05,2,11.34,High
14,Weekday,Bike,15.89,5.97,0,Mixed,8.4,0.61,1,8.72,Medium
15,Weekday,Walk,12.72,10.62,50,Non-Veg,2.1,1.04,2,10.3,Medium
15,Weekday,Bike,14.36,9.25,25,Non-Veg,7.2,0.95,3,11.13,High
15,Weekend,Car,6.22,7.83,25,Mixed,4.8,0.65,1,10.01,Medium
15,Weekend,Bus,4.29,4.04,25,Veg,8.4,0.35,1,4.85,Low
15,Weekday,Bike,10.66,8.87,0,Mixed,5.2,0.63,1,11.13,High
15,Weekend,Walk,4.91,5.45,25,Mixed,6.4,0.82,0,7.84,Medium
15,Weekend,EV,1.93,6.79,100,Non-Veg,3.0,0.52,2,5.41,Low
16,Weekday,Walk,11.34,3.03,75,Mixed,3.4,0.65,0,4.91,Low
16,Weekend,Car,5.87,3.46,25,Non-Veg,2.5,0.47,1,9.02,Medium
16,Weekday,Car,18.02,6.68,0,Veg,3.3,0.1,3,10.19,Medium
16,Weekday,Bus,7.56,7.6,0,Non-Veg,3.1,0.71,0,13.18,High
16,Weekday,Walk,17.09,3.17,50,Non-Veg,2.1,0.37,0,7.25,Medium
16,Weekend,Bus,3.9,5.32,50,Non-Veg,3.7,0.47,3,7.36,Medium
16,Weekday,Bus,10.5,2.5,0,Veg,8.3,0.64,0,5.66,Low
17,Weekday,Walk,13.3,2.26,25,Mixed,8.2,0.42,0,5.39,Low
17,Weekday,Walk,16.2,6.88,0,Non-Veg,6.4,0.18,1,10.95,Medium
17,Weekday,Car,4.99,3.53,75,Non-Veg,7.3,0.72,2,7.33,Medium
17,Weekend,Car,5.88,5.06,50,Non-Veg,3.8,0.18,0,9.03,Medium
17,Weekend,Bike,0.85,4.69,0,Mixed,2.1,0.2,2,6.79,Medium
17,Weekday,Walk,14.21,4.97,50,Non-Veg,6.7,0.72,0,8.4,Medium
17,Weekend,Bus,5.37,5.96,25,Veg,5.6,0.46,1,6.24,Medium
18,Weekday,EV,12.79,3.94,50,Veg,4.1,0.38,1,4.19,Low
18,Weekday,Walk,13.97,5.93,50,Non-Veg,3.5,0.54,1,8.18,Medium
18,Weekend,Bus,6.49,7.67,0,Non-Veg,2.5,0.51,2,12.12,High
18,Weekday,Bike,5.77,4.88,75,Mixed,7.6,0.44,1,4.62,Low
18,Weekday,EV,15.72,3.23,25,Mixed,8.1,0.61,3,5.64,Low
18,Weekend,EV,4.19,6.74,25,Non-Veg,3.5,0.82,0,10.79,Medium
18,Weekday,Walk,12.54,3.66,75,Mixed,8.8,0.86,4,3.69,Low
19,Weekday,Walk,12.38,6.35,0,Non-Veg,2.8,0.88,1,11.37,High
19,Weekday,Car,10.09,6.85,25,Non-Veg,7.5,0.75,1,12.33,High
19,Weekend,Car,7.07,8.79,0,Non-Veg,2.2,0.85,3,14.01,High
19,Weekday,Car,16.26,6.25,25,Mixed,6.4,1.12,3,10.9,Medium
19,Weekend,Car,12.32,6.24,0,Non-Veg,2.8,0.57,0,13.89,High
19,Weekday,Walk,8.33,3.7,50,Mixed,3.5,0.6,2,4.93,Low
19,Weekday,Walk,15.94,6.8,75,Veg,5.3,0.61,1,3.73,Low
20,Weekday,EV,13.53,9.69,25,Mixed,3.6,1.21,0,11.46,High
20,Weekend,EV,3.51,6.59,50,Non-Veg,4.5,1.17,1,9.35,Medium
20,Weekend,Walk,3.72,6.6,0,Non-Veg,5.8,1.01,2,11.33,High
20,Weekend,Bus,4.55,8.64,0,Non-Veg,8.2,0.99,1,13.75,High
20,Weekend,EV,10.33,4.45,0,Veg,7.1,0.63,1,6.42,Medium
20,Weekday,EV,14.78,5.68,0,Veg,8.0,0.19,2,6.68,Medium
20,Weekend,Walk,2.52,8.82,0,Mixed,8.2,1.26,4,10.64,Medium
21,Weekend,Bike,10.27,9.32,50,Mixed,7.3,0.81,1,7.89,Medium
21,Weekend,EV,6.59,7.88,75,Non-Veg,5.6,0.76,0,8.29,Medium
21,Weekday,Bus,15.27,4.53,100,Non-Veg,6.4,0.99,2,7.11,Medium
21,Weekday,Walk,6.6,7.66,100,Mixed,4.4,1.16,2,4.09,Low
21,Weekday,Bus,12.7,7.95,0,Non-Veg,4.1,0.77,1,13.56,High
21,Weekday,EV,12.7,6.35,75,Mixed,8.8,0.87,2,5.55,Low
21,Weekday,EV,18.26,7.09,50,Non-Veg,5.1,0.55,0,9.8,Medium
22,Weekday,EV,3.2,5.22,0,Non-Veg,6.8,0.97,1,10.67,Medium
22,Weekday,Bus,14.6,6.88,25,Non-Veg,6.5,0.52,3,10.32,Medium
22,Weekend,Car,3.23,4.81,75,Mixed,5.3,1.11,1,6.1,Medium
22,Weekend,EV,7.37,7.88,50,Veg,7.9,0.95,0,6.67,Medium
22,Weekend,Car,11.32,9.31,25,Veg,2.8,0.92,0,11.21,High
22,Weekday,EV,9.29,10.3,0,Non-Veg,5.4,0.85,0,15.34,High
22,Weekend,Bike,3.28,5.92,25,Mixed,2.1,1.02,0,8.37,Medium
23,Weekday,EV,21.89,4.72,0,Mixed,6.9,0.73,0,9.12,Medium
23,Weekend,Bus,7.92,3.87,0,Non-Veg,8.9,0.65,0,10.08,Medium
23,Weekend,Walk,15.61,5.57,50,Non-Veg,5.9,0.48,1,7.96,Medium
23,Weekend,Car,6.15,5.29,0,Mixed,6.0,0.51,2,8.94,Medium
23,Weekday,Bike,17.6,7.28,0,Non-Veg,8.6,0.67,4,10.67,Medium
23,Weekend,Bike,3.41,5.82,75,Veg,5.2,0.84,2,3.41,Low
23,Weekday,Walk,9.39,4.74,75,Mixed,3.5,0.76,2,4.58,Low
24,Weekday,Car,9.71,6.86,0,Veg,6.8,0.82,0,10.64,Medium
24,Weekday,Bike,16.36,6.59,50,Veg,7.2,0.42,2,4.4,Low
24,Weekend,Walk,2.39,7.19,25,Veg,7.1,1.0,3,6.43,Medium
24,Weekday,EV,14.61,3.95,75,Non-Veg,3.5,1.09,1,7.8,Medium
24,Weekday,Bike,17.52,7.68,0,Mixed,3.7,0.84,1,10.41,Medium
24,Weekday,Walk,11.9,8.9,0,Mixed,8.1,0.95,1,11.53,High
24,Weekday,Car,0.61,6.14,100,Non-Veg,3.8,0.57,1,5.91,Low
25,Weekend,Car,0.5,6.49,0,Non-Veg,3.2,0.4,2,10.61,Medium
25,Weekday,EV,13.02,9.69,0,Non-Veg,3.2,0.98,0,15.14,High
25,Weekday,Walk,15.39,9.19,25,Non-Veg,7.9,0.89,1,11.81,High
25,Weekend,Bike,11.19,6.4,0,Non-Veg,5.7,0.7,1,11.19,High
25,Weekday,Car,11.48,5.12,75,Non-Veg,4.2,0.7,0,9.8,Medium
25,Weekday,EV,12.04,8.63,25,Mixed,5.6,0.88,2,9.55,Medium
25,Weekend,Bus,2.25,8.14,50,Veg,8.8,0.87,2,5.76,Low
26,Weekday,EV,9.4,6.64,50,Non-Veg,8.1,1.18,1,9.62,Medium
26,Weekday,EV,12.79,7.5,50,Veg,3.5,0.56,1,5.86,Low
26,Weekend,Car,12.52,8.5,50,Non-Veg,6.0,0.73,2,11.69,High
26,Weekend,Bus,10.76,4.48,75,Mixed,7.3,0.72,1,5.75,Low
26,Weekday,Bus,17.5,6.38,0,Veg,4.6,0.78,1,9.17,Medium
26,Weekday,Bike,8.03,2.82,0,Veg,4.6,1.11,1,5.24,Low
26,Weekday,Walk,16.04,8.46,25,Non-Veg,5.4,0.72,0,11.56,High
27,Weekday,Bus,6.44,2.47,25,Non-Veg,5.7,0.91,3,7.42,Medium
27,Weekend,Car,8.26,6.79,0,Mixed,8.5,0.69,0,11.63,High
27,Weekday,EV,11.24,6.42,0,Non-Veg,5.4,0.46,1,11.37,High
27,Weekend,Walk,2.06,2.0,50,Non-Veg,7.0,0.71,0,7.18,Medium
27,Weekday,Bike,8.07,5.02,0,Non-Veg,6.8,0.65,1,10.01,Medium
27,Weekday,Bus,6.66,2.56,100,Non-Veg,5.4,0.72,2,6.1,Medium
27,Weekday,Bike,13.89,5.68,50,Veg,7.7,0.58,0,5.02,Low
28,Weekday,Bike,13.6,8.47,75,Non-Veg,4.5,0.69,0,8.06,Medium
28,Weekend,Bus,3.13,8.01,75,Non-Veg,5.0,0.61,1,7.73,Medium
28,Weekend,Car,7.12,4.26,50,Non-Veg,8.0,0.81,0,9.71,Medium
28,Weekend,Car,10.9,9.32,25,Non-Veg,3.6,1.04,2,13.97,High
28,Weekend,Walk,0.5,4.95,25,Non-Veg,7.0,1.07,2,9.04,Medium
28,Weekday,EV,13.21,5.44,25,Mixed,3.9,0.53,1,7.6,Medium
28,Weekend,Bus,3.15,5.03,75,Mixed,3.6,0.75,3,4.49,Low
29,Weekday,EV,16.91,3.19,100,Non-Veg,6.6,0.96,1,6.93,Medium
29,Weekend,Walk,7.68,6.37,0,Mixed,6.8,0.64,0,9.5,Medium
29,Weekday,Car,8.34,5.51,25,Non-Veg,7.3,0.89,2,10.91,Medium
29,Weekend,Walk,1.14,3.4,100,Mixed,8.5,0.56,2,3.38,Low
29,Weekday,Car,9.0,5.77,50,Mixed,2.9,0.73,1,8.23,Medium
29,Weekend,Walk,8.33,3.44,25,Mixed,2.6,0.45,2,5.35,Low
29,Weekday,Bus,7.59,2.0,50,Mixed,5.6,0.63,2,4.88,Low
30,Weekday,Bus,15.35,7.7,25,Veg,8.1,0.86,3,7.8,Medium
30,Weekend,Bike,5.3,6.19,0,Non-Veg,6.9,0.89,2,10.84,Medium
30,Weekend,EV,5.96,11.99,50,Mixed,3.2,0.82,1,9.24,Medium
30,Weekday,Bus,10.51,5.76,0,Non-Veg,2.2,0.98,1,11.85,High
30,Weekend,Bus,6.22,2.35,0,Veg,6.5,0.94,0,5.55,Low
30,Weekday,EV,18.12,9.74,0,Veg,2.4,0.84,0,11.72,High
30,Weekday,Car,17.96,6.54,0,Non-Veg,4.1,0.8,0,15.59,High
31,Weekend,Walk,6.06,5.38,100,Non-Veg,7.7,0.47,2,5.27,Low
31,Weekend,Bike,9.65,4.23,25,Non-Veg,4.9,0.74,3,7.79,Medium
31,Weekday,EV,9.69,2.03,0,Mixed,3.8,0.67,1,5.96,Low
31,Weekend,Car,7.57,6.66,0,Non-Veg,5.8,0.9,2,12.83,High
31,Weekday,Bike,7.23,6.62,0,Veg,7.2,0.32,1,7.41,Medium
31,Weekday,Bike,10.22,7.2,100,Mixed,7.5,0.82,1,4.09,Low
31,Weekday,Car,5.6,5.96,75,Veg,2.3,0.76,3,4.11,Low
32,Weekday,EV,15.69,6.47,0,Mixed,7.2,0.6,2,9.35,Medium
32,Weekend,EV,6.95,5.59,0,Non-Veg,2.5,0.59,0,11.07,High
32,Weekend,Car,11.2,8.57,50,Veg,3.3,0.62,0,8.6,Medium
32,Weekend,Car,7.13,5.14,50,Mixed,3.9,0.87,1,7.75,Medium
32,Weekend,Walk,11.24,6.92,50,Veg,6.5,0.56,1,5.11,Low
32,Weekend,Bus,11.82,9.65,50,Mixed,7.7,0.58,2,8.29,Medium
32,Weekday,Bus,13.44,4.53,25,Mixed,6.3,0.35,1,7.39,Medium
33,Weekend,Car,6.84,4.34,50,Non-Veg,4.0,0.6,2,8.64,Medium
33,Weekend,Walk,7.06,4.19,75,Veg,7.1,0.86,2,3.09,Low
33,Weekday,Bus,13.31,4.69,75,Mixed,2.3,0.52,2,5.35,Low
33,Weekday,Bus,11.66,6.87,50,Non-Veg,5.8,0.55,1,9.5,Medium
33,Weekend,Bus,8.26,2.0,50,Veg,8.1,0.8,0,4.44,Low
33,Weekend,Car,8.69,4.19,0,Veg,7.1,0.54,1,7.5,Medium
33,Weekday,Car,17.15,3.88,0,Mixed,5.9,0.68,0,11.1,High
34,Weekday,EV,17.79,5.98,0,Non-Veg,7.3,0.93,0,12.23,High
34,Weekday,Bike,8.86,6.65,100,Non-Veg,4.6,0.46,1,5.65,Low
34,Weekday,Bus,10.25,8.59,75,Veg,6.2,0.56,1,4.85,Low
34,Weekend,EV,0.5,7.75,50,Veg,2.7,0.53,1,5.43,Low
34,Weekday,Walk,22.23,8.26,25,Non-Veg,6.2,1.04,2,11.03,High
34,Weekday,Bike,11.97,7.84,0,Veg,2.4,0.86,2,8.67,Medium
34,Weekend,Bike,3.4,3.42,0,Veg,5.0,0.6,0,5.53,Low
35,Weekend,Bus,12.05,6.13,100,Non-Veg,8.5,0.38,2,6.12,Medium
35,Weekend,Bus,13.42,7.06,25,Veg,6.0,0.52,1,7.64,Medium
35,Weekend,EV,0.5,2.88,0,Veg,2.2,0.48,1,4.55,Low
35,Weekend,EV,9.09,6.85,75,Mixed,3.3,0.54,2,5.12,Low
35,Weekend,Walk,5.89,8.18,25,Mixed,7.1,0.46,1,8.69,Medium
35,Weekend,Bike,7.88,6.37,100,Mixed,2.5,0.83,0,4.49,Low
35,Weekday,Car,8.09,3.39,0,Non-Veg,8.3,0.41,2,9.68,Medium
36,Weekday,Bus,8.31,3.49,0,Non-Veg,8.3,0.51,0,9.64,Medium
36,Weekend,Bike,0.5,6.03,0,Veg,8.3,0.53,1,7.18,Medium
36,Weekend,Car,8.06,2.0,50,Mixed,8.9,0.41,0,6.51,Medium
36,Weekday,Walk,7.56,5.46,25,Mixed,5.2,0.53,1,7.1,Medium
36,Weekend,EV,7.39,3.67,0,Mixed,8.0,0.41,1,6.89,Medium
36,Weekend,Car,4.82,4.71,50,Veg,5.8,0.5,1,5.14,Low
36,Weekday,Bike,8.68,3.63,25,Mixed,6.6,0.92,1,6.43,Medium
37,Weekday,Car,11.27,8.52,0,Non-Veg,7.5,0.58,0,15.54,High
37,Weekday,Walk,8.8,8.14,25,Mixed,3.4,0.55,3,7.97,Medium
37,Weekend,Bike,7.27,5.99,50,Mixed,2.2,0.69,2,5.99,Low
37,Weekend,Bus,3.06,6.58,75,Mixed,4.7,0.55,2,4.96,Low
37,Weekend,Bike,0.5,6.41,50,Veg,6.0,0.94,2,4.96,Low
37,Weekday,EV,14.15,6.92,50,Veg,4.2,0.54,2,5.25,Low
37,Weekend,Car,3.81,5.12,75,Veg,6.6,0.67,1,4.25,Low
38,Weekend,EV,1.35,7.42,100,Veg,4.9,1.14,3,2.23,Low
38,Weekend,Bus,5.25,9.15,0,Veg,2.1,1.1,2,10.44,Medium
38,Weekend,Walk,16.36,5.93,75,Veg,7.7,0.98,2,3.59,Low
38,Weekend,EV,11.27,7.16,25,Mixed,4.5,1.12,1,9.3,Medium
38,Weekday,EV,11.91,8.89,0,Veg,3.7,0.97,0,10.93,Medium
38,Weekday,Walk,9.35,3.72,50,Mixed,6.6,0.56,3,4.49,Low
38,Weekend,Walk,10.98,8.05,0,Mixed,6.8,0.7,0,10.94,Medium
39,Weekday,EV,10.39,5.77,75,Mixed,4.0,0.84,1,5.71,Low
39,Weekday,Car,16.05,6.68,75,Veg,8.1,0.3,3,5.9,Low
39,Weekend,Bike,7.09,6.0,25,Mixed,2.8,0.22,2,6.66,Medium
39,Weekend,Car,0.5,3.87,50,Mixed,8.4,0.55,0,5.84,Low
39,Weekend,Bus,4.26,6.18,75,Non-Veg,7.3,0.74,0,8.0,Medium
39,Weekend,Bus,3.89,5.49,0,Mixed,3.7,0.93,0,9.43,Medium
39,Weekend,Bike,0.5,4.3,25,Mixed,4.1,0.77,0,7.07,Medium
40,Weekend,Bus,2.54,8.22,25,Mixed,8.2,1.05,0,10.02,Medium
40,Weekend,Bus,5.58,7.15,50,Non-Veg,2.2,0.88,0,9.94,Medium
40,Weekday,Car,16.65,8.08,0,Non-Veg,2.7,1.1,4,15.34,High
40,Weekday,Walk,1.19,8.67,0,Veg,5.0,0.97,2,9.48,Medium
40,Weekday,Bus,17.49,9.65,50,Mixed,3.7,1.22,1,9.92,Medium
40,Weekday,EV,10.97,3.13,50,Veg,8.7,1.17,2,4.32,Low
40,Weekend,EV,8.44,6.11,25,Mixed,2.3,0.61,0,8.32,Medium
41,Weekday,Walk,6.37,5.05,50,Mixed,4.0,0.62,0,6.32,Medium
41,Weekend,Bus,0.5,7.15,25,Veg,5.6,0.49,0,7.03,Medium
41,Weekday,Bus,11.36,6.4,0,Veg,6.3,0.54,2,8.01,Medium
41,Weekend,Walk,2.82,4.48,25,Non-Veg,5.0,0.48,2,8.02,Medium
41,Weekday,Bus,5.68,6.81,75,Non-Veg,8.7,0.51,0,7.96,Medium
41,Weekday,EV,12.59,5.46,50,Veg,2.8,0.48,1,4.92,Low
41,Weekday,Bus,8.45,4.64,25,Non-Veg,7.3,0.71,2,9.08,Medium
42,Weekend,Car,5.33,6.71,75,Mixed,7.1,0.89,0,7.06,Medium
42,Weekend,Car,1.43,6.53,0,Veg,5.0,0.71,1,8.11,Medium
42,Weekend,Bike,0.5,6.62,0,Veg,7.1,0.53,3,6.87,Medium
42,Weekend,EV,1.23,7.99,0,Non-Veg,7.5,1.02,3,12.12,High
42,Weekend,EV,5.0,7.77,25,Non-Veg,6.2,0.39,2,10.14,Medium
42,Weekend,Walk,4.99,4.15,0,Non-Veg,8.2,0.55,0,9.56,Medium
42,Weekend,Car,4.28,8.7,0,Veg,2.5,1.02,1,10.85,Medium
43,Weekday,Car,5.48,8.93,0,Mixed,8.9,1.15,0,13.36,High
43,Weekday,Bike,10.15,5.78,25,Veg,8.7,0.77,1,6.08,Medium
43,Weekday,Car,11.65,5.97,0,Veg,2.2,0.72,0,10.21,Medium
43,Weekend,Walk,12.39,6.47,75,Mixed,6.2,0.82,2,5.01,Low
43,Weekend,Car,5.57,7.44,25,Non-Veg,4.4,0.54,1,11.49,High
43,Weekday,Bus,12.57,7.79,25,Non-Veg,4.1,0.87,0,12.34,High
43,Weekday,Walk,6.95,5.08,100,Veg,5.9,0.97,0,3.16,Low
44,Weekend,EV,0.5,5.43,25,Veg,9.0,1.14,3,5.53,Low
44,Weekday,Bus,10.21,3.5,0,Veg,5.3,0.37,4,4.53,Low
44,Weekday,Walk,12.96,6.35,0,Non-Veg,7.6,0.6,0,11.43,High
44,Weekday,Bike,11.5,3.69,100,Veg,5.4,0.73,1,2.47,Low
44,Weekend,Bus,10.18,6.95,25,Mixed,5.6,0.53,1,8.83,Medium
44,Weekday,Car,16.78,5.19,50,Mixed,6.0,0.91,1,9.84,Medium
44,Weekend,Car,5.18,5.56,25,Veg,6.4,0.88,1,7.16,Medium
45,Weekday,Bus,16.5,7.62,50,Mixed,2.9,0.5,1,8.14,Medium
45,Weekday,Car,6.48,7.63,0,Mixed,2.1,0.79,3,10.87,Medium
45,Weekday,Car,15.2,7.27,50,Mixed,7.4,0.76,0,10.59,Medium
45,Weekday,Walk,16.28,4.44,25,Mixed,4.8,0.69,0,7.05,Medium
45,Weekday,EV,8.83,5.36,75,Mixed,8.6,0.31,0,5.33,Low
45,Weekend,Bus,6.85,8.54,50,Veg,2.4,0.69,0,6.88,Medium
45,Weekend,Car,0.5,4.54,0,Mixed,4.0,0.86,1,7.96,Medium
46,Weekday,Car,11.22,5.16,50,Non-Veg,4.5,0.59,1,10.28,Medium
46,Weekend,Walk,6.03,6.82,25,Non-Veg,6.1,0.46,1,9.84,Medium
46,Weekday,Car,12.76,6.53,75,Non-Veg,5.9,0.7,1,9.95,Medium
46,Weekday,Walk,9.04,6.62,25,Mixed,4.0,0.65,0,8.35,Medium
46,Weekday,Bus,8.21,3.53,0,Veg,5.6,0.81,0,6.53,Medium
46,Weekend,EV,9.82,3.15,0,Veg,7.9,0.41,0,5.48,Low
46,Weekend,EV,10.5,2.59,75,Veg,4.2,0.42,3,2.26,Low
47,Weekend,Walk,5.74,9.13,25,Mixed,6.4,0.75,5,8.02,Medium
47,Weekday,Bike,8.73,5.92,50,Mixed,2.3,0.59,2,5.84,Low
47,Weekend,EV,0.5,2.0,0,Mixed,4.6,0.55,2,5.02,Low
47,Weekend,Bike,5.41,4.84,50,Non-Veg,5.3,0.74,1,7.98,Medium
47,Weekend,Bus,9.88,8.44,0,Mixed,3.0,0.9,1,11.9,High
47,Weekend,Walk,9.24,8.34,0,Veg,8.2,0.5,0,9.44,Medium
47,Weekday,Bike,9.82,5.27,0,Veg,5.6,0.8,0,7.27,Medium
48,Weekday,Bike,9.95,5.15,25,Veg,4.8,0.45,2,4.91,Low
48,Weekend,Bike,8.15,5.49,25,Non-Veg,6.7,0.86,3,8.71,Medium
48,Weekday,Bus,9.11,5.14,0,Mixed,2.1,0.69,0,9.27,Medium
48,Weekend,Bike,6.41,8.35,0,Non-Veg,4.6,0.68,1,12.77,High
48,Weekend,Car,6.2,5.88,50,Mixed,5.2,0.7,1,7.65,Medium
48,Weekday,Bus,11.59,2.61,50,Veg,5.3,0.65,1,4.38,Low
48,Weekday,Bike,12.92,3.3,0,Veg,3.0,0.53,2,4.53,Low
49,Weekday,Car,13.99,6.78,25,Non-Veg,6.7,0.39,1,12.68,High
49,Weekday,Car,6.97,6.51,50,Veg,2.4,0.54,0,6.78,Medium
49,Weekday,Bus,7.64,4.45,100,Non-Veg,5.7,0.55,1,6.37,Medium
49,Weekend,Bike,0.5,6.24,25,Veg,5.8,0.43,1,5.95,Low
49,Weekday,Car,11.2,2.51,0,Veg,2.3,0.64,0,7.18,Medium
49,Weekday,Bike,13.48,2.0,25,Veg,6.2,0.64,0,4.0,Low
49,Weekend,EV,6.65,4.8,0,Mixed,7.5,0.56,2,7.57,Medium
50,Weekend,EV,8.29,4.19,50,Non-Veg,6.7,0.86,0,8.58,Medium
50,Weekend,Car,11.94,6.56,25,Veg,2.1,0.44,1,8.67,Medium
50,Weekday,Car,14.42,5.07,25,Veg,2.2,0.74,2,8.24,Medium
50,Weekday,Walk,8.97,3.1,75,Non-Veg,9.0,0.42,4,5.04,Low
50,Weekday,Car,5.59,4.68,25,Non-Veg,4.5,0.85,1,10.17,Medium
50,Weekend,Bus,6.06,4.2,0,Non-Veg,2.3,0.61,2,9.36,Medium
50,Weekday,Bike,14.75,6.91,50,Non-Veg,4.0,1.22,2,8.99,Medium
51,Weekday,Bus,17.64,6.68,25,Non-Veg,5.5,0.95,0,12.16,High
51,Weekday,Walk,6.7,9.01,0,Mixed,2.5,0.78,0,11.82,High
51,Weekday,Walk,12.04,8.69,25,Non-Veg,7.7,0.77,3,10.57,Medium
51,Weekend,Bus,9.83,7.61,0,Veg,5.0,1.08,0,10.32,Medium
51,Weekend,Bus,7.39,6.54,0,Mixed,4.9,0.73,1,9.93,Medium
51,Weekend,Bus,6.14,5.46,0,Mixed,2.0,0.65,2,8.44,Medium
51,Weekday,Walk,16.87,8.89,75,Mixed,5.0,0.65,2,5.31,Low
52,Weekday,Car,7.21,8.16,50,Veg,2.5,0.3,2,6.42,Medium
52,Weekend,Bus,7.67,8.06,100,Mixed,2.3,0.78,0,5.04,Low
52,Weekday,Walk,5.99,7.28,0,Veg,5.6,0.81,1,8.54,Medium
52,Weekday,Bus,16.33,7.33,25,Non-Veg,8.4,0.86,1,11.95,High
52,Weekday,Bus,15.7,4.57,0,Non-Veg,4.3,0.75,4,9.81,Medium
52,Weekend,EV,5.98,6.74,25,Mixed,3.1,0.78,1,8.43,Medium
52,Weekend,Walk,9.4,2.8,50,Non-Veg,7.7,0.57,2,6.54,Medium
53,Weekday,Bike,14.8,6.78,0,Veg,7.6,0.27,0,7.88,Medium
53,Weekday,Walk,16.39,4.01,75,Mixed,6.7,0.5,1,4.52,Low
53,Weekend,Bike,10.45,9.5,75,Mixed,8.3,0.72,0,6.31,Medium
53,Weekday,Walk,9.44,4.16,50,Veg,4.3,0.43,1,3.83,Low
53,Weekday,Car,9.86,2.94,50,Non-Veg,4.3,0.67,3,8.38,Medium
53,Weekend,Car,3.81,5.37,50,Veg,2.7,0.44,0,5.53,Low
53,Weekend,Bus,3.97,3.01,100,Non-Veg,2.5,0.44,1,5.94,Low
54,Weekday,Walk,12.31,7.26,25,Mixed,4.4,0.87,1,8.6,Medium
54,Weekend,Bike,5.67,3.04,0,Non-Veg,4.0,0.7,1,8.44,Medium
54,Weekday,Bike,12.28,4.67,25,Non-Veg,6.4,0.61,1,8.7,Medium
54,Weekday,Car,15.25,3.59,50,Veg,6.3,0.44,3,5.99,Low
54,Weekday,Bike,8.33,6.65,0,Veg,6.1,0.73,2,7.52,Medium
54,Weekday,Bus,12.18,5.19,0,Mixed,5.2,0.64,1,9.1,Medium
54,Weekday,Bike,13.99,4.1,50,Veg,8.4,0.63,1,4.04,Low
55,Weekend,EV,13.0,8.25,50,Non-Veg,3.7,0.57,0,10.09,Medium
55,Weekend,EV,7.05,6.41,0,Veg,3.7,0.79,0,8.48,Medium
55,Weekday,Bike,8.34,4.27,0,Mixed,5.2,0.81,1,7.57,Medium
55,Weekday,Walk,17.95,6.66,75,Veg,5.8,0.77,0,4.29,Low
55,Weekday,Walk,17.67,6.99,50,Mixed,5.7,0.64,2,6.33,Medium
55,Weekend,Walk,3.52,4.35,75,Veg,6.7,0.4,2,2.57,Low
55,Weekday,Car,15.32,3.93,25,Veg,5.1,0.78,0,8.57,Medium
56,Weekend,Walk,6.74,6.31,0,Mixed,4.1,0.48,1,8.85,Medium
56,Weekend,Bike,9.17,7.14,0,Mixed,7.4,1.19,0,10.78,Medium
56,Weekend,Bike,1.93,6.67,0,Non-Veg,3.3,0.78,4,10.3,Medium
56,Weekend,Bike,1.97,5.16,0,Veg,5.6,0.41,1,6.32,Medium
56,Weekday,Bus,14.13,5.97,75,Veg,8.7,1.04,1,5.2,Low
56,Weekend,Bike,8.83,7.19,75,Veg,2.7,1.05,1,4.33,Low
56,Weekday,EV,3.44,7.92,75,Veg,8.0,1.01,2,4.17,Low
57,Weekend,Bus,2.05,5.74,50,Non-Veg,3.6,0.58,0,8.71,Medium
57,Weekend,Bus,12.98,3.5,0,Veg,3.6,0.31,2,5.48,Low
57,Weekday,EV,11.42,3.71,0,Veg,3.5,0.58,1,5.79,Low
57,Weekend,Car,7.78,7.19,50,Mixed,6.9,0.1,0,8.2,Medium
57,Weekday,Walk,1.46,4.78,75,Veg,6.4,0.35,1,3.01,Low
57,Weekend,Walk,6.34,3.17,50,Non-Veg,3.4,0.48,2,6.57,Medium
57,Weekday,Car,1.26,5.24,0,Veg,7.5,0.55,2,6.42,Medium
58,Weekday,EV,8.94,7.35,75,Non-Veg,7.9,0.62,1,7.71,Medium
58,Weekday,Car,11.04,7.69,0,Non-Veg,8.0,0.58,0,14.82,High
58,Weekend,Walk,10.09,7.34,75,Non-Veg,3.4,0.5,0,7.61,Medium
58,Weekend,Walk,4.9,6.81,25,Veg,8.8,0.63,0,6.95,Medium
58,Weekday,Walk,9.76,7.27,25,Non-Veg,9.0,0.5,1,10.17,Medium
58,Weekend,Bike,3.46,2.97,25,Veg,2.5,0.48,3,3.2,Low
58,Weekend,Car,0.5,6.28,25,Mixed,2.0,0.37,3,6.71,Medium
59,Weekday,EV,17.59,7.71,50,Non-Veg,7.6,0.58,3,8.86,Medium
59,Weekend,Walk,6.23,7.23,50,Veg,8.4,0.79,2,5.11,Low
59,Weekday,Bike,12.76,8.65,50,Veg,3.1,1.17,0,6.96,Medium
59,Weekend,EV,5.13,5.82,0,Non-Veg,3.5,0.61,2,10.41,Medium
59,Weekend,Bike,2.37,9.69,75,Non-Veg,6.6,0.68,1,7.9,Medium
59,Weekday,Car,15.42,7.27,0,Veg,3.9,0.92,0,12.31,High
59,Weekday,EV,7.95,8.22,25,Non-Veg,3.9,1.02,2,11.3,High
60,Weekend,Bus,8.15,2.81,25,Mixed,2.2,0.81,0,6.86,Medium
60,Weekday,Bike,13.4,2.0,0,Veg,6.7,0.66,1,4.04,Low
60,Weekday,Bike,10.79,5.12,0,Veg,6.0,0.59,0,6.91,Medium
60,Weekend,Walk,10.65,3.06,75,Non-Veg,8.0,0.51,0,6.74,Medium
60,Weekend,Walk,3.98,4.45,50,Veg,6.0,0.5,1,4.02,Low
60,Weekday,Car,14.49,6.91,50,Mixed,2.3,0.6,3,8.9,Medium
60,Weekday,Car,16.36,4.78,50,Veg,5.1,0.53,1,7.63,Medium
61,Weekend,EV,8.81,5.31,75,Veg,4.4,0.29,5,1.79,Low
61,Weekday,EV,12.56,4.9,50,Veg,6.7,0.46,2,4.26,Low
61,Weekday,EV,19.85,5.03,50,Mixed,6.5,0.44,2,6.08,Medium
61,Weekend,Walk,4.06,4.31,50,Veg,7.9,0.95,0,4.91,Low
61,Weekend,EV,12.22,6.56,75,Mixed,7.6,0.59,1,5.65,Low
61,Weekday,EV,14.23,5.46,0,Veg,8.4,0.36,2,6.67,Medium
61,Weekday,Car,8.77,4.76,50,Non-Veg,8.2,0.65,0,10.07,Medium
62,Weekend,Bus,9.2,7.01,50,Veg,4.0,0.89,2,5.88,Low
62,Weekday,EV,13.01,8.78,100,Veg,5.3,0.75,4,1.82,Low
62,Weekday,Car,11.21,6.11,0,Non-Veg,3.6,0.82,1,13.44,High
62,Weekend,Walk,0.5,6.47,50,Mixed,4.3,0.65,0,6.93,Medium
62,Weekday,Bike,8.96,5.92,50,Mixed,2.4,0.59,0,6.64,Medium
62,Weekday,EV,10.48,7.9,0,Veg,8.1,0.47,2,8.66,Medium
62,Weekend,Bus,5.4,7.64,0,Mixed,6.4,1.39,0,11.86,High
63,Weekend,Bike,5.68,4.46,0,Non-Veg,7.8,0.67,2,9.16,Medium
63,Weekend,Bike,3.46,7.99,75,Veg,4.2,0.83,4,3.04,Low
63,Weekend,Bus,5.8,3.43,50,Veg,5.4,0.94,2,4.2,Low
63,Weekday,Walk,11.75,5.01,50,Non-Veg,2.9,0.3,0,7.92,Medium
63,Weekday,Car,19.62,8.88,25,Mixed,6.5,0.75,1,13.59,High
63,Weekend,Bike,0.5,6.35,0,Non-Veg,4.0,0.48,0,11.27,High
63,Weekday,Car,13.77,5.18,0,Non-Veg,8.5,0.71,0,13.49,High
64,Weekend,Walk,7.78,4.59,0,Non-Veg,5.9,0.89,2,9.53,Medium
64,Weekend,Walk,1.59,6.77,0,Mixed,8.1,0.48,0,9.63,Medium
64,Weekday,EV,8.45,6.08,50,Veg,7.3,0.72,0,5.7,Low
64,Weekend,Bike,0.5,4.5,0,Non-Veg,5.4,0.46,0,9.74,Medium
64,Weekend,EV,3.33,5.42,25,Veg,7.3,0.83,0,6.46,Medium
64,Weekend,Walk,0.5,4.65,25,Mixed,9.0,0.54,1,6.61,Medium
64,Weekend,Bus,11.55,5.8,50,Veg,8.4,0.22,1,5.17,Low
65,Weekday,EV,12.23,3.46,25,Mixed,7.9,0.2,0,6.36,Medium
65,Weekend,Bike,4.79,3.36,50,Veg,4.0,0.58,0,4.07,Low
65,Weekend,Bus,10.88,3.5,25,Mixed,7.3,0.58,0,7.22,Medium
65,Weekday,Car,10.22,5.61,75,Non-Veg,4.7,0.88,0,9.85,Medium
65,Weekday,Bus,18.14,4.63,0,Veg,4.4,0.61,0,7.98,Medium
65,Weekend,Walk,6.78,7.22,0,Mixed,7.9,0.71,3,9.07,Medium
65,Weekday,Walk,15.5,7.03,100,Mixed,4.2,0.39,1,3.57,Low
66,Weekend,Car,5.08,4.59,75,Veg,2.4,0.4,0,4.49,Low
66,Weekend,Bus,7.3,3.37,0,Mixed,8.8,0.65,0,7.63,Medium
66,Weekend,Bike,0.5,9.17,50,Non-Veg,7.3,0.56,4,8.33,Medium
66,Weekday,Walk,8.2,8.58,25,Non-Veg,8.2,0.86,0,11.81,High
66,Weekend,Bus,1.57,4.53,0,Non-Veg,5.0,0.54,1,9.59,Medium
66,Weekend,Car,6.92,8.52,0,Non-Veg,5.4,0.79,1,14.49,High
66,Weekend,Bike,0.5,5.66,75,Mixed,4.4,0.43,4,3.58,Low
67,Weekend,Bike,5.13,8.11,0,Mixed,2.1,0.86,0,11.18,High
67,Weekend,Bus,8.03,4.53,0,Veg,8.9,1.25,0,7.86,Medium
67,Weekday,Bus,12.6,5.34,50,Non-Veg,2.2,0.85,0,9.72,Medium
67,Weekday,Car,20.32,7.03,0,Non-Veg,8.6,0.52,2,15.35,High
67,Weekday,EV,11.74,7.38,0,Veg,2.4,0.79,1,9.07,Medium
67,Weekend,Car,4.79,4.02,25,Non-Veg,4.5,0.9,3,8.85,Medium
67,Weekend,Bike,10.61,5.63,0,Mixed,3.5,0.75,2,8.22,Medium
68,Weekend,EV,2.59,6.44,25,Non-Veg,5.2,0.74,1,10.06,Medium
68,Weekend,EV,7.34,9.09,0,Veg,5.3,0.42,3,9.06,Medium
68,Weekend,Walk,4.75,5.33,0,Non-Veg,6.3,0.51,2,9.68,Medium
68,Weekday,Bus,14.86,2.0,25,Mixed,7.8,0.74,1,6.4,Medium
68,Weekday,Walk,16.79,5.05,25,Mixed,6.7,0.49,1,6.8,Medium
68,Weekend,Bus,1.19,4.86,0,Veg,7.8,0.63,0,6.84,Medium
68,Weekend,Bike,3.88,5.85,0,Veg,5.5,0.85,2,7.02,Medium
69,Weekend,Bike,11.48,9.96,25,Veg,7.3,1.26,2,8.84,Medium
69,Weekday,Bike,13.4,7.81,25,Non-Veg,7.9,0.81,1,10.88,Medium
69,Weekday,Bike,11.26,7.95,75,Veg,5.4,0.47,1,3.8,Low
69,Weekday,Bike,12.57,7.22,50,Non-Veg,4.4,0.95,3,8.4,Medium
69,Weekend,EV,3.17,8.93,100,Non-Veg,2.2,1.19,1,6.66,Medium
69,Weekday,EV,16.28,5.06,0,Non-Veg,5.8,0.98,1,11.07,High
69,Weekday,Bus,10.8,5.21,50,Non-Veg,8.3,0.82,0,9.49,Medium
70,Weekday,Bus,8.98,6.15,0,Mixed,3.6,0.83,0,10.25,Medium
70,Weekend,Walk,4.51,3.35,75,Veg,8.5,0.38,0,3.14,Low
70,Weekend,Car,5.58,2.0,0,Mixed,6.1,0.76,0,7.22,Medium
70,Weekend,Car,3.29,6.07,0,Non-Veg,6.1,0.57,1,11.45,High
70,Weekday,EV,11.7,2.42,75,Non-Veg,4.6,0.68,1,6.89,Medium
70,Weekday,EV,16.84,3.78,75,Veg,3.6,0.62,1,3.8,Low
70,Weekday,Walk,9.81,2.0,75,Veg,2.6,0.37,0,2.86,Low
71,Weekday,Bike,11.96,5.73,25,Veg,4.3,0.94,0,6.65,Medium
71,Weekday,Walk,2.52,9.3,50,Veg,3.1,0.87,0,6.86,Medium
71,Weekend,Car,2.77,4.49,25,Non-Veg,6.8,1.12,0,10.19,Medium
71,Weekend,Bus,2.56,4.54,75,Non-Veg,8.3,0.96,0,7.79,Medium
71,Weekday,Bus,10.12,4.34,0,Non-Veg,6.7,0.91,2,10.16,Medium
71,Weekend,Bus,9.89,5.5,50,Mixed,3.9,1.07,0,7.83,Medium
71,Weekday,EV,14.42,8.92,25,Mixed,8.1,0.75,1,10.06,Medium
72,Weekday,Bus,4.7,7.02,75,Non-Veg,3.4,0.29,3,6.47,Medium
72,Weekday,Bike,8.19,4.52,50,Mixed,3.8,0.85,1,5.97,Low
72,Weekday,Bike,13.8,8.74,50,Veg,6.0,0.97,1,6.35,Medium
72,Weekday,Car,9.06,7.04,50,Non-Veg,3.6,0.94,0,11.42,High
72,Weekend,Bike,8.78,7.67,0,Mixed,7.1,0.73,1,10.27,Medium
72,Weekend,Bike,5.16,6.7,25,Veg,2.1,0.63,0,6.88,Medium
72,Weekend,EV,4.71,3.81,25,Mixed,3.2,1.05,0,7.29,Medium
73,Weekday,Bike,12.74,8.28,25,Mixed,5.5,0.44,2,8.31,Medium
73,Weekday,Walk,16.23,4.79,25,Mixed,6.9,0.98,5,5.62,Low
73,Weekend,Bike,8.61,4.54,50,Non-Veg,6.2,1.0,1,8.16,Medium
73,Weekday,Walk,7.02,5.22,25,Veg,7.1,0.83,1,5.8,Low
73,Weekend,Walk,0.81,5.23,0,Non-Veg,5.8,0.89,0,10.85,Medium
73,Weekend,Car,17.06,2.72,50,Veg,4.7,0.94,0,7.83,Medium
73,Weekday,EV,10.87,5.48,0,Non-Veg,3.2,0.76,3,10.14,Medium
74,Weekend,EV,7.1,4.95,25,Non-Veg,6.7,0.62,1,9.17,Medium
74,Weekday,Walk,13.35,5.44,0,Non-Veg,6.0,1.05,3,10.02,Medium
74,Weekend,Walk,10.25,5.0,0,Mixed,4.0,0.92,1,8.3,Medium
74,Weekday,Walk,10.55,7.87,0,Non-Veg,8.7,0.82,2,12.14,High
74,Weekend,Car,2.07,9.25,0,Non-Veg,6.5,1.29,1,14.66,High
74,Weekday,EV,19.88,7.09,0,Non-Veg,4.2,1.0,3,12.11,High
74,Weekend,Bus,6.96,6.19,0,Mixed,6.9,1.26,1,10.25,Medium
75,Weekday,Walk,7.89,9.69,50,Veg,4.8,0.82,2,6.15,Medium
75,Weekday,Bike,18.36,7.87,100,Mixed,4.6,0.68,0,4.31,Low
75,Weekday,Car,12.31,3.65,0,Mixed,6.6,0.64,0,9.85,Medium
75,Weekend,Car,0.5,7.1,25,Non-Veg,6.6,1.06,1,10.85,Medium
75,Weekday,EV,12.69,8.4,100,Veg,3.1,1.36,1,3.74,Low
75,Weekday,Bike,9.83,5.98,25,Non-Veg,3.1,0.8,1,9.74,Medium
75,Weekday,Walk,12.32,6.25,25,Veg,8.1,0.5,2,5.65,Low
76,Weekend,Bike,9.68,5.87,0,Mixed,3.0,0.89,0,9.38,Medium
76,Weekend,EV,13.89,3.74,0,Mixed,8.6,0.83,1,7.72,Medium
76,Weekday,Car,17.96,10.33,75,Non-Veg,7.5,0.65,0,12.16,High
76,Weekend,Bus,8.24,4.77,0,Non-Veg,4.8,1.25,3,10.38,Medium
76,Weekday,EV,14.13,5.18,0,Veg,5.1,0.9,1,7.48,Medium
76,Weekend,Car,6.53,5.18,75,Veg,4.7,0.67,0,5.23,Low
76,Weekday,Bus,6.2,7.0,25,Veg,4.5,0.81,3,6.58,Medium
77,Weekday,Walk,5.91,10.17,100,Mixed,5.8,0.55,2,3.36,Low
77,Weekday,Bike,14.02,7.29,50,Non-Veg,5.7,0.7,0,9.32,Medium
77,Weekend,Walk,3.63,7.45,25,Non-Veg,3.1,0.72,1,10.54,Medium
77,Weekday,Bike,9.81,7.54,25,Non-Veg,4.7,0.32,1,10.12,Medium
77,Weekday,EV,9.09,7.04,0,Non-Veg,6.0,1.02,2,12.06,High
77,Weekend,EV,6.71,7.34,50,Mixed,2.3,0.55,2,6.64,Medium
77,Weekday,Bike,5.45,7.24,25,Veg,8.9,0.88,0,7.51,Medium
78,Weekday,Walk,12.52,4.15,0,Non-Veg,6.7,0.67,1,9.31,Medium
78,Weekday,Walk,1.44,4.99,0,Veg,4.3,0.67,1,6.5,Medium
78,Weekday,Walk,14.03,3.07,0,Veg,3.3,0.54,2,4.36,Low
78,Weekend,Bus,9.26,5.49,0,Non-Veg,4.0,0.89,1,11.41,High
78,Weekday,Bus,9.49,5.66,0,Mixed,4.8,0.66,2,8.89,Medium
78,Weekend,Bike,3.61,7.52,50,Non-Veg,4.9,0.89,2,8.85,Medium
78,Weekend,EV,7.13,4.14,25,Veg,5.8,0.74,1,5.32,Low
79,Weekend,EV,7.59,6.3,25,Veg,2.9,1.18,1,7.19,Medium
79,Weekday,Walk,7.33,9.84,25,Veg,3.1,0.56,1,8.33,Medium
79,Weekday,EV,6.41,8.4,50,Non-Veg,2.2,1.15,1,10.18,Medium
79,Weekend,Car,3.5,8.89,50,Veg,7.1,1.26,1,7.5,Medium
79,Weekday,Car,10.41,6.69,25,Mixed,6.2,0.54,0,10.44,Medium
79,Weekday,Walk,12.48,4.48,50,Mixed,2.2,0.9,2,5.62,Low
79,Weekday,Car,8.44,7.68,50,Veg,5.9,1.02,1,7.75,Medium
80,Weekend,Walk,0.5,4.69,75,Veg,6.2,0.71,2,3.02,Low
80,Weekday,Car,12.58,5.77,0,Veg,3.9,0.37,1,9.42,Medium
80,Weekday,Car,9.0,2.0,50,Mixed,2.6,0.87,0,7.26,Medium
80,Weekend,Bus,6.29,2.0,0,Mixed,4.0,0.75,0,6.54,Medium
80,Weekday,Car,10.42,6.69,50,Veg,8.5,0.74,0,7.81,Medium
80,Weekend,Bike,15.21,2.0,50,Non-Veg,6.8,0.3,1,6.29,Medium
80,Weekday,Bike,16.03,4.89,0,Mixed,3.5,0.45,0,8.05,Medium
81,Weekday,Bus,20.2,7.29,0,Mixed,7.3,0.69,1,11.53,High
81,Weekday,Walk,16.33,7.35,75,Non-Veg,4.1,0.87,4,6.46,Medium
81,Weekend,Walk,7.53,5.81,50,Non-Veg,6.0,0.86,1,8.51,Medium
81,Weekend,Bus,0.5,9.62,0,Non-Veg,4.8,1.0,0,14.63,High
81,Weekday,Car,14.39,6.15,75,Non-Veg,4.6,0.94,1,10.5,Medium
81,Weekend,Bike,7.07,7.07,0,Mixed,2.4,0.94,1,10.03,Medium
81,Weekend,Bus,2.76,5.29,75,Mixed,8.1,1.01,2,5.21,Low
82,Weekend,Walk,4.28,6.95,0,Mixed,5.5,0.85,2,9.43,Medium
82,Weekday,Car,15.96,5.58,75,Veg,3.0,0.75,4,5.8,Low
82,Weekday,Bus,13.36,8.54,50,Mixed,3.8,0.95,1,8.81,Medium
82,Weekend,EV,6.29,6.41,25,Non-Veg,7.9,0.56,2,9.56,Medium
82,Weekend,Car,4.43,6.85,50,Mixed,5.2,1.14,3,7.41,Medium
82,Weekday,Walk,13.89,8.37,50,Mixed,4.5,0.85,0,7.96,Medium
82,Weekday,Walk,14.43,8.36,0,Non-Veg,8.7,0.74,2,12.44,High
83,Weekday,Car,11.44,5.65,50,Mixed,4.8,0.68,1,8.63,Medium
83,Weekend,Bike,6.16,5.6,25,Veg,8.2,0.17,1,5.25,Low
83,Weekday,Walk,11.27,4.9,50,Non-Veg,6.2,0.27,1,7.43,Medium
83,Weekday,Car,4.85,5.99,25,Veg,5.2,0.81,0,7.67,Medium
83,Weekday,Bus,12.34,8.07,0,Mixed,6.2,0.59,2,11.02,High
83,Weekday,Bike,12.08,4.43,0,Veg,2.0,0.32,3,4.82,Low
83,Weekend,Car,7.29,5.4,25,Non-Veg,2.8,0.16,1,10.14,Medium
84,Weekday,EV,12.71,6.6,75,Non-Veg,4.4,0.7,1,7.8,Medium
84,Weekend,Walk,10.55,6.84,75,Non-Veg,2.1,0.75,4,6.2,Medium
84,Weekday,EV,18.02,7.19,75,Non-Veg,2.7,0.8,1,8.25,Medium
84,Weekday,EV,14.66,5.79,0,Non-Veg,7.8,0.64,0,11.6,High
84,Weekend,EV,2.96,7.21,0,Mixed,4.9,0.53,2,9.36,Medium
84,Weekday,Bus,3.7,6.63,0,Non-Veg,8.7,0.76,0,12.15,High
84,Weekend,EV,4.69,5.13,50,Mixed,2.9,0.69,1,6.22,Medium
85,Weekend,Bike,6.72,6.8,0,Non-Veg,8.7,0.64,0,11.84,High
85,Weekend,Bike,4.35,7.28,75,Mixed,8.4,0.53,2,4.83,Low
85,Weekday,EV,8.03,2.63,25,Veg,4.8,0.28,1,3.87,Low
85,Weekday,EV,12.64,4.52,50,Non-Veg,7.2,0.13,1,7.61,Medium
85,Weekend,Bike,2.57,4.63,25,Veg,4.9,0.44,0,5.38,Low
85,Weekday,EV,11.51,5.46,0,Veg,7.3,0.49,0,7.53,Medium
85,Weekend,EV,5.82,4.78,50,Non-Veg,4.4,0.28,0,8.03,Medium
86,Weekend,Car,7.95,9.7,0,Mixed,4.3,0.98,1,13.9,High
86,Weekday,Bike,8.12,6.86,25,Mixed,7.7,0.69,0,8.55,Medium
86,Weekend,Bus,4.76,6.17,50,Veg,6.2,0.68,1,5.33,Low
86,Weekend,Bus,4.05,8.54,25,Veg,7.6,0.82,1,8.16,Medium
86,Weekend,EV,9.2,5.58,0,Mixed,6.3,1.11,0,9.78,Medium
86,Weekday,Bike,9.1,7.23,0,Mixed,4.1,0.88,0,10.48,Medium
86,Weekday,EV,11.14,8.43,0,Non-Veg,8.8,0.84,0,13.87,High
87,Weekend,EV,10.01,7.09,25,Veg,5.7,0.71,1,7.21,Medium
87,Weekday,Bike,10.28,9.26,0,Mixed,8.7,0.67,3,10.7,Medium
87,Weekday,Car,11.04,3.86,0,Veg,7.2,0.77,2,7.61,Medium
87,Weekend,Walk,9.15,2.92,75,Veg,6.0,0.77,2,2.72,Low
87,Weekday,Bike,16.6,6.48,25,Veg,7.6,0.83,3,5.78,Low
87,Weekend,Walk,8.29,6.65,50,Veg,5.2,0.69,1,5.15,Low
87,Weekend,EV,1.46,7.75,50,Veg,5.8,0.67,2,5.24,Low
88,Weekday,Bus,8.28,6.09,75,Veg,5.7,0.38,1,3.97,Low
88,Weekend,Walk,1.86,7.42,0,Non-Veg,2.0,1.05,2,12.04,High
88,Weekend,Bus,1.25,8.89,50,Veg,7.4,1.2,2,6.39,Medium
88,Weekday,Bus,9.71,8.04,75,Mixed,2.8,1.1,1,6.84,Medium
88,Weekend,Bike,3.8,9.78,0,Mixed,8.1,0.88,0,12.57,High
88,Weekend,Bike,8.15,8.45,0,Veg,5.0,1.0,2,9.33,Medium
88,Weekend,Car,2.66,8.82,75,Non-Veg,6.7,0.52,2,7.69,Medium
89,Weekday,EV,5.24,7.9,0,Veg,7.1,0.81,1,9.25,Medium
89,Weekday,Walk,9.18,5.48,25,Non-Veg,6.3,0.95,4,8.41,Medium
89,Weekday,Car,14.27,5.66,50,Veg,6.2,1.51,1,8.73,Medium
89,Weekend,Walk,1.51,8.54,0,Mixed,2.6,0.77,1,11.03,High
89,Weekday,EV,5.24,6.7,25,Non-Veg,4.4,0.47,1,9.99,Medium
89,Weekday,Bike,12.11,3.81,75,Non-Veg,2.1,0.82,2,6.46,Medium
89,Weekend,Walk,15.56,8.23,0,Mixed,5.4,0.73,0,11.12,High
90,Weekday,Bus,11.49,5.93,25,Mixed,7.4,0.72,0,8.93,Medium
90,Weekday,Walk,8.06,7.57,0,Mixed,2.4,0.83,1,10.3,Medium
90,Weekend,EV,3.68,6.28,25,Mixed,6.0,0.82,1,8.1,Medium
90,Weekday,Walk,9.29,6.64,25,Veg,2.7,1.16,0,7.48,Medium
90,Weekend,EV,9.21,5.9,25,Mixed,7.3,1.27,0,9.02,Medium
90,Weekday,Bus,14.07,6.82,0,Non-Veg,5.4,0.88,1,12.87,High
90,Weekday,Walk,15.06,8.89,25,Non-Veg,5.6,0.76,0,11.88,High
91,Weekend,EV,5.58,4.97,50,Mixed,2.6,0.59,1,6.07,Medium
91,Weekday,Walk,12.78,6.89,25,Non-Veg,8.2,0.59,3,9.24,Medium
91,Weekend,Car,2.03,3.12,75,Non-Veg,7.3,0.26,0,6.88,Medium
91,Weekday,Walk,16.22,3.96,0,Non-Veg,6.3,0.82,0,9.74,Medium
91,Weekday,Walk,10.55,2.0,0,Veg,8.9,0.42,0,4.14,Low
91,Weekday,Car,10.78,3.52,25,Mixed,2.1,0.79,0,8.88,Medium
91,Weekend,Bike,11.24,3.85,75,Veg,2.6,0.67,2,2.79,Low
92,Weekday,Bus,12.32,5.59,75,Veg,3.9,1.17,1,5.13,Low
92,Weekday,Bike,14.38,6.51,50,Non-Veg,2.4,0.58,1,8.47,Medium
92,Weekday,Walk,8.88,10.0,100,Mixed,4.6,1.06,3,3.57,Low
92,Weekend,Bike,10.58,6.17,25,Mixed,6.3,1.21,0,8.74,Medium
92,Weekend,Walk,4.51,7.31,25,Mixed,3.2,0.82,1,8.58,Medium
92,Weekend,Bus,6.48,6.42,75,Mixed,3.1,1.22,1,6.4,Medium
92,Weekend,Walk,10.0,7.81,0,Non-Veg,6.8,0.36,1,11.94,High
93,Weekend,Bus,5.78,6.13,25,Mixed,8.4,0.77,3,7.46,Medium
93,Weekday,EV,18.55,6.22,50,Non-Veg,2.6,0.63,2,8.75,Medium
93,Weekend,Bus,0.5,7.9,75,Veg,3.4,0.69,0,4.49,Low
93,Weekend,Car,11.05,5.55,0,Veg,5.3,0.74,1,9.36,Medium
93,Weekday,Bike,10.81,5.08,0,Non-Veg,7.5,0.34,0,10.07,Medium
93,Weekday,Car,11.36,6.35,0,Mixed,8.9,0.61,1,11.43,High
93,Weekday,Bike,11.6,7.28,50,Mixed,8.9,0.45,0,7.03,Medium
94,Weekday,Walk,15.93,4.17,50,Mixed,5.0,0.28,0,5.55,Low
94,Weekend,Car,7.58,4.82,25,Non-Veg,5.7,0.1,2,9.37,Medium
94,Weekend,Bus,4.02,5.56,100,Veg,5.6,0.54,1,2.57,Low
94,Weekday,Bus,5.41,5.43,0,Non-Veg,4.8,0.35,0,10.8,Medium
94,Weekend,Bus,6.6,5.23,0,Veg,4.2,0.1,0,6.94,Medium
94,Weekday,Car,11.36,5.12,25,Veg,8.4,0.44,0,8.06,Medium
94,Weekend,EV,6.1,7.68,50,Veg,9.0,0.41,0,5.89,Low
95,Weekday,EV,2.43,7.66,0,Non-Veg,8.8,0.71,1,12.33,High
95,Weekday,Bus,16.71,9.5,25,Veg,8.9,0.8,1,9.74,Medium
95,Weekend,Bike,3.56,7.05,25,Mixed,4.4,1.0,2,8.24,Medium
95,Weekday,Bike,10.61,8.07,0,Mixed,3.6,0.61,1,10.44,Medium
95,Weekday,EV,0.5,7.2,100,Non-Veg,6.0,0.93,2,5.83,Low
95,Weekday,Walk,12.8,5.97,25,Non-Veg,8.1,0.54,0,9.82,Medium
95,Weekday,Bike,9.0,3.89,75,Non-Veg,8.8,0.34,2,5.9,Low
96,Weekday,Bike,9.61,4.02,0,Veg,5.4,0.56,1,5.56,Low
96,Weekday,Bus,6.72,3.03,25,Mixed,8.9,0.96,2,6.25,Medium
96,Weekday,Walk,7.56,6.03,25,Non-Veg,7.2,0.84,0,10.21,Medium
96,Weekend,Bus,5.44,9.02,0,Mixed,2.9,0.69,2,11.36,High
96,Weekday,Car,7.52,5.08,0,Non-Veg,4.9,0.64,1,11.61,High
96,Weekday,Bike,6.77,3.98,100,Mixed,8.7,0.67,0,4.31,Low
96,Weekday,Bike,14.93,4.8,25,Mixed,7.4,0.62,2,6.4,Medium
97,Weekend,Car,4.41,6.37,50,Non-Veg,2.1,0.43,2,8.76,Medium
97,Weekend,Bus,2.34,5.6,25,Non-Veg,7.1,0.96,2,9.48,Medium
97,Weekday,EV,16.34,9.56,75,Veg,3.1,0.86,0,5.65,Low
97,Weekday,EV,18.23,2.96,25,Mixed,8.2,0.72,2,6.11,Medium
97,Weekday,Bike,4.14,6.52,0,Veg,5.5,0.55,1,7.61,Medium
97,Weekday,Bike,8.62,5.59,50,Mixed,7.7,0.84,1,6.4,Medium
97,Weekend,Walk,10.14,7.48,25,Veg,6.5,1.12,0,7.94,Medium
98,Weekday,Bus,2.03,6.28,0,Mixed,5.8,0.6,0,9.53,Medium
98,Weekend,Walk,9.98,7.66,0,Mixed,2.7,0.28,0,10.12,Medium
98,Weekend,EV,14.17,8.1,75,Veg,6.4,0.83,0,5.22,Low
98,Weekend,Bike,3.57,5.77,0,Non-Veg,4.7,0.79,2,10.38,Medium
98,Weekend,EV,8.34,4.88,50,Non-Veg,4.4,0.95,1,8.57,Medium
98,Weekday,Bus,13.28,6.2,0,Mixed,6.9,0.91,2,9.94,Medium
98,Weekday,Bus,14.05,7.38,50,Mixed,2.9,0.97,3,7.62,Medium
99,Weekday,Car,16.33,3.52,50,Veg,5.2,0.49,2,6.66,Medium
99,Weekday,EV,9.46,4.82,0,Veg,8.8,0.12,1,6.07,Medium
99,Weekend,EV,11.48,2.39,50,Veg,7.0,0.33,0,3.83,Low
99,Weekend,Bike,1.47,3.76,25,Veg,8.1,0.53,2,4.15,Low
99,Weekday,Walk,12.91,3.33,75,Veg,3.7,0.74,1,3.17,Low
99,Weekday,Bike,10.91,2.0,0,Mixed,8.4,0.55,2,5.0,Low
99,Weekend,Walk,5.15,6.47,0,Veg,5.8,0.55,1,7.56,Medium
100,Weekend,Car,4.72,6.95,0,Veg,2.3,0.63,2,8.64,Medium
100,Weekday,Car,16.38,2.0,0,Non-Veg,2.2,0.72,2,10.64,Medium
100,Weekday,EV,17.59,3.83,0,Veg,2.9,0.34,4,4.65,Low
100,Weekday,EV,19.47,7.12,50,Non-Veg,6.9,0.7,0,10.03,Medium
100,Weekday,Car,13.8,2.37,100,Non-Veg,2.2,0.78,1,8.93,Medium
100,Weekend,Walk,2.62,5.87,0,Mixed,5.5,0.65,2,8.3,Medium
100,Weekend,Bike,3.69,2.65,0,Veg,6.8,0.7,2,4.22,Low
101,Weekday,Bus,12.92,5.73,0,Non-Veg,4.1,0.85,0,12.26,High
101,Weekday,Bike,4.18,5.43,75,Mixed,2.7,0.75,2,4.72,Low
101,Weekend,EV,5.8,6.69,75,Veg,6.7,0.49,1,3.8,Low
101,Weekend,EV,3.64,8.26,0,Non-Veg,2.9,0.61,1,12.75,High
101,Weekend,Bus,11.39,3.54,25,Non-Veg,6.7,0.88,0,9.65,Medium
101,Weekend,EV,11.87,5.72,75,Mixed,6.0,0.57,2,5.03,Low
101,Weekday,Bike,16.36,7.97,100,Non-Veg,8.9,0.46,1,5.65,Low
102,Weekend,Car,9.18,6.62,50,Non-Veg,5.0,0.97,1,10.91,Medium
102,Weekend,Bike,7.48,8.06,0,Non-Veg,2.5,0.9,2,12.39,High
102,Weekday,Bike,11.08,9.62,0,Non-Veg,7.8,0.53,0,14.03,High
102,Weekday,Car,7.72,10.1,25,Veg,2.8,0.98,1,10.61,Medium
102,Weekend,Car,3.72,8.54,100,Non-Veg,8.4,0.57,2,6.17,Medium
102,Weekday,Bus,9.97,5.48,0,Veg,3.9,0.73,0,8.17,Medium
102,Weekday,EV,16.66,4.89,0,Veg,8.9,1.18,1,7.7,Medium
103,Weekday,Bike,14.9,4.7,25,Veg,7.9,0.87,1,5.54,Low
103,Weekday,Walk,10.16,6.91,0,Non-Veg,4.5,0.24,2,10.66,Medium
103,Weekend,Walk,4.89,6.78,50,Non-Veg,6.2,0.48,2,8.05,Medium
103,Weekend,EV,9.75,3.13,50,Mixed,4.2,0.39,1,5.24,Low
103,Weekend,EV,4.94,6.32,50,Veg,3.0,0.29,1,4.73,Low
103,Weekend,Bike,15.1,7.43,25,Veg,7.1,0.4,0,7.05,Medium
103,Weekday,Car,13.43,6.72,0,Mixed,3.7,0.74,1,12.32,High
104,Weekend,Car,7.7,6.25,25,Non-Veg,3.4,1.24,1,12.05,High
104,Weekend,Bus,5.97,7.64,25,Veg,6.0,1.2,1,8.22,Medium
104,Weekday,Bike,10.44,7.03,0,Veg,8.4,0.58,2,7.66,Medium
104,Weekday,Bike,14.81,11.2,0,Mixed,4.6,0.9,2,12.97,High
104,Weekend,Car,2.79,6.74,75,Veg,7.0,0.62,1,4.31,Low
104,Weekday,EV,7.06,9.04,25,Non-Veg,2.8,0.6,3,10.87,Medium
104,Weekend,EV,8.93,5.21,100,Veg,4.7,0.7,2,2.39,Low
105,Weekend,Bike,3.39,2.17,0,Veg,2.1,0.34,0,4.18,Low
105,Weekday,EV,7.01,6.77,0,Mixed,3.1,0.7,2,9.37,Medium
105,Weekend,Bus,0.5,6.79,25,Veg,7.4,0.51,2,6.03,Medium
105,Weekend,Car,10.97,6.78,75,Mixed,2.6,0.58,3,6.69,Medium
105,Weekday,Bus,13.64,5.7,0,Non-Veg,8.7,1.07,1,12.15,High
105,Weekend,Car,10.74,6.36,50,Non-Veg,7.8,0.61,0,11.1,High
105,Weekend,EV,0.5,8.86,25,Non-Veg,2.5,0.6,2,10.89,Medium
106,Weekend,Bike,13.99,6.78,50,Mixed,3.1,0.74,2,6.36,Medium
106,Weekend,EV,0.54,7.8,75,Non-Veg,7.7,0.76,2,7.23,Medium
106,Weekend,Car,7.66,10.13,0,Non-Veg,4.9,1.17,2,16.02,High
106,Weekend,Car,5.06,5.8,75,Mixed,2.9,0.66,1,6.14,Medium
106,Weekday,Bike,13.18,5.34,50,Non-Veg,3.6,0.91,2,7.98,Medium
106,Weekend,Walk,7.04,8.38,0,Mixed,5.0,0.86,1,11.0,High
106,Weekday,EV,8.64,8.98,75,Mixed,5.6,0.77,2,5.81,Low
107,Weekend,Bus,0.5,5.78,25,Veg,7.9,0.78,1,6.13,Medium
107,Weekday,Walk,16.67,4.54,50,Mixed,5.4,0.93,1,6.08,Medium
107,Weekday,EV,8.46,6.32,25,Non-Veg,4.1,0.84,1,10.33,Medium
107,Weekday,Car,11.45,5.9,100,Veg,4.6,0.44,0,4.93,Low
107,Weekend,Bike,4.95,4.38,50,Mixed,3.4,1.13,1,6.25,Medium
107,Weekend,Bus,4.32,8.44,0,Non-Veg,8.0,0.69,0,13.59,High
107,Weekend,Bike,4.63,8.81,50,Mixed,4.2,0.84,0,8.12,Medium
108,Weekend,Car,0.69,6.13,25,Non-Veg,3.9,0.53,3,8.85,Medium
108,Weekend,Bus,4.49,5.17,0,Veg,2.0,0.58,0,7.29,Medium
108,Weekday,Walk,17.96,4.06,25,Veg,7.3,0.42,1,4.6,Low
108,Weekday,EV,14.74,4.65,50,Veg,7.6,0.14,0,4.66,Low
108,Weekday,Bike,9.88,5.44,0,Non-Veg,5.6,0.65,2,9.94,Medium
108,Weekday,Bike,16.73,9.12,0,Non-Veg,2.4,0.75,0,13.88,High
108,Weekend,Car,9.8,4.41,0,Mixed,3.7,0.63,1,9.52,Medium
109,Weekend,Car,6.76,5.89,0,Mixed,3.0,0.72,0,10.62,Medium
109,Weekday,Bike,9.91,6.04,25,Mixed,5.9,0.95,0,8.35,Medium
109,Weekend,Bike,3.57,4.13,25,Veg,3.5,0.56,0,5.21,Low
109,Weekday,Walk,15.87,6.76,50,Mixed,7.5,0.54,2,6.11,Medium
109,Weekday,EV,14.53,5.11,0,Mixed,2.5,0.54,2,8.12,Medium
109,Weekend,EV,12.44,4.14,0,Veg,5.5,0.36,0,6.32,Medium
109,Weekday,EV,5.25,3.94,50,Veg,7.6,0.62,1,4.17,Low
110,Weekday,Walk,7.93,5.45,25,Non-Veg,2.7,0.95,1,9.59,Medium
110,Weekend,Bike,11.33,3.72,75,Veg,5.9,0.74,4,2.05,Low
110,Weekend,Bus,1.48,10.07,50,Veg,6.2,0.89,0,7.31,Medium
110,Weekday,EV,14.61,8.66,0,Veg,5.2,0.72,0,10.56,Medium
110,Weekend,Car,1.97,9.05,50,Veg,6.6,0.39,1,6.19,Medium
110,Weekend,Car,6.01,9.29,100,Veg,2.7,1.02,2,3.69,Low
110,Weekend,Car,0.5,11.04,50,Mixed,3.8,1.07,2,8.61,Medium
111,Weekend,Bus,12.12,7.83,50,Mixed,3.5,1.05,2,8.14,Medium
111,Weekday,Bike,12.79,6.6,100,Non-Veg,4.2,0.63,2,5.46,Low
111,Weekend,EV,6.89,6.44,0,Non-Veg,7.5,0.69,1,11.48,High
111,Weekend,EV,0.5,3.45,25,Veg,5.7,0.65,1,4.52,Low
111,Weekend,Walk,14.17,7.7,0,Veg,3.9,0.87,2,8.55,Medium
111,Weekend,Bike,7.12,7.52,25,Non-Veg,4.5,1.32,0,11.71,High
111,Weekday,Bus,8.49,2.85,0,Mixed,2.3,0.9,1,7.19,Medium
112,Weekday,EV,19.13,6.12,25,Non-Veg,4.0,0.71,0,10.88,Medium
112,Weekend,Bus,11.38,9.21,75,Veg,4.9,0.77,3,4.52,Low
112,Weekend,Walk,4.69,5.88,25,Mixed,8.4,0.81,2,7.29,Medium
112,Weekday,Bus,12.62,7.6,0,Mixed,5.3,0.77,1,11.26,High
112,Weekday,EV,5.6,5.02,25,Veg,7.8,0.71,1,5.77,Low
112,Weekday,Walk,14.92,7.85,100,Non-Veg,8.2,0.95,0,6.64,Medium
112,Weekday,Bike,21.58,6.42,50,Non-Veg,5.9,0.48,1,8.31,Medium
113,Weekday,Car,11.32,4.77,50,Mixed,6.9,0.31,2,7.41,Medium
113,Weekday,Car,11.91,5.83,75,Non-Veg,2.4,0.78,1,9.74,Medium
113,Weekend,Bus,6.52,2.66,75,Non-Veg,2.3,0.92,1,7.26,Medium
113,Weekend,Car,4.44,2.81,75,Veg,7.3,0.48,2,3.28,Low
113,Weekday,Walk,7.28,5.84,75,Veg,7.4,0.85,4,2.62,Low
113,Weekend,Walk,0.5,9.37,0,Mixed,2.9,1.14,1,12.15,High
113,Weekday,EV,12.35,5.47,25,Mixed,8.8,0.58,3,6.85,Medium
114,Weekday,EV,11.89,2.85,0,Mixed,4.4,0.97,0,7.47,Medium
114,Weekend,Car,7.25,5.59,0,Veg,7.7,0.64,0,8.87,Medium
114,Weekday,EV,9.31,7.2,50,Veg,8.8,0.72,3,5.0,Low
114,Weekday,Bus,7.71,5.5,25,Mixed,5.4,0.62,2,7.44,Medium
114,Weekday,Car,6.38,6.7,0,Non-Veg,4.9,0.93,0,13.46,High
114,Weekend,Bus,4.97,5.23,0,Non-Veg,7.5,0.57,0,10.87,Medium
114,Weekend,Bus,5.94,6.41,75,Non-Veg,8.0,0.76,1,7.8,Medium
115,Weekday,EV,13.57,7.83,25,Veg,3.6,0.91,1,8.06,Medium
115,Weekend,Bike,8.92,5.77,50,Veg,3.3,0.69,0,5.19,Low
115,Weekday,Bike,10.3,8.92,75,Non-Veg,5.9,0.98,2,7.7,Medium
115,Weekend,Car,1.29,7.95,100,Mixed,3.9,0.71,1,4.23,Low
115,Weekend,Bike,6.55,12.27,0,Mixed,5.1,0.87,1,14.21,High
115,Weekday,EV,3.7,8.45,25,Veg,2.4,1.01,2,7.76,Medium
115,Weekday,Walk,8.03,6.02,25,Veg,3.1,1.09,1,6.61,Medium
116,Weekday,Bike,8.0,5.49,0,Non-Veg,8.2,0.67,0,10.8,Medium
116,Weekday,Car,13.84,6.12,0,Veg,4.6,0.86,2,10.16,Medium
116,Weekend,Bike,6.72,4.06,25,Non-Veg,2.3,1.01,0,9.21,Medium
116,Weekday,EV,11.09,8.3,0,Mixed,4.7,0.75,0,11.66,High
116,Weekday,Bus,14.48,5.12,75,Mixed,6.1,0.56,2,5.58,Low
116,Weekend,Bike,6.42,8.21,0,Non-Veg,2.9,0.81,1,12.81,High
116,Weekday,Bike,12.24,4.32,0,Veg,2.7,0.83,1,6.14,Medium
117,Weekend,EV,13.14,5.56,0,Mixed,4.8,1.23,1,9.67,Medium
117,Weekday,EV,7.71,6.62,25,Mixed,6.9,0.84,1,8.48,Medium
117,Weekday,Bike,13.23,9.26,50,Non-Veg,4.4,0.68,0,10.11,Medium
117,Weekend,EV,9.35,8.38,50,Veg,5.5,0.58,1,6.11,Medium
117,Weekend,Bike,9.51,5.18,75,Mixed,6.8,0.57,0,5.24,Low
117,Weekend,EV,9.26,4.7,0,Mixed,4.2,0.35,0,8.14,Medium
117,Weekday,Car,14.45,2.43,25,Veg,4.4,0.74,1,7.01,Medium
118,Weekday,Walk,13.16,8.85,0,Mixed,2.4,0.69,0,11.59,High
118,Weekday,Car,13.44,8.62,0,Mixed,5.9,1.23,0,14.86,High
118,Weekend,Bike,7.5,6.14,50,Non-Veg,2.1,0.96,1,8.77,Medium
118,Weekday,EV,8.9,7.02,50,Non-Veg,3.5,1.01,2,9.14,Medium
118,Weekend,Bus,8.4,8.9,0,Mixed,6.0,0.7,1,11.91,High
118,Weekend,Bike,4.46,3.52,75,Veg,8.5,1.21,1,3.77,Low
118,Weekday,Car,14.25,8.26,75,Mixed,8.0,0.61,1,8.51,Medium
119,Weekend,Bus,2.96,4.01,50,Non-Veg,2.5,0.62,1,7.73,Medium
119,Weekday,Bus,16.93,4.59,100,Non-Veg,7.7,0.62,1,7.2,Medium
119,Weekend,Walk,5.23,6.75,0,Non-Veg,5.9,0.89,3,10.9,Medium
119,Weekday,Bike,12.84,6.63,0,Non-Veg,2.6,0.32,0,11.33,High
119,Weekend,EV,10.9,5.45,25,Non-Veg,9.0,0.47,0,9.85,Medium
119,Weekend,Walk,2.1,4.85,50,Veg,8.3,0.51,1,4.21,Low
119,Weekday,Walk,10.61,7.16,0,Veg,8.1,0.46,1,8.03,Medium
120,Weekday,Walk,13.71,7.32,0,Veg,4.5,0.79,1,8.56,Medium
120,Weekend,Walk,10.55,5.21,75,Non-Veg,8.6,0.88,2,6.83,Medium
120,Weekend,Bike,7.42,3.91,25,Non-Veg,4.0,0.62,1,8.25,Medium
120,Weekend,Walk,6.25,5.18,0,Non-Veg,2.8,0.76,2,9.86,Medium
120,Weekday,Walk,6.01,3.54,0,Mixed,7.4,0.64,0,7.17,Medium
120,Weekend,Bus,1.62,6.73,0,Mixed,8.5,0.89,1,9.81,Medium
120,Weekend,EV,8.96,7.95,0,Non-Veg,3.5,0.69,1,12.8,High
121,Weekend,Walk,6.1,5.96,75,Mixed,8.3,0.8,1,5.28,Low
121,Weekend,Walk,1.88,6.91,25,Non-Veg,6.2,0.62,0,10.5,Medium
121,Weekend,Bus,6.41,7.82,0,Non-Veg,4.3,0.6,2,12.35,High
121,Weekday,Bus,15.21,7.67,0,Mixed,4.7,0.72,0,11.87,High
121,Weekday,Walk,14.14,7.72,25,Non-Veg,2.6,0.57,2,10.14,Medium
121,Weekday,Bus,16.6,8.61,0,Mixed,7.4,0.75,0,12.78,High
121,Weekday,EV,10.47,4.0,75,Non-Veg,8.5,0.77,0,7.66,Medium
122,Weekend,Bike,1.28,7.7,75,Veg,4.7,0.69,3,3.2,Low
122,Weekend,Walk,2.92,2.84,0,Mixed,3.4,0.73,0,6.7,Medium
122,Weekend,Car,4.62,6.79,25,Mixed,4.9,0.78,1,9.18,Medium
122,Weekend,Walk,3.21,4.32,0,Veg,4.7,0.75,2,5.64,Low
122,Weekend,Bike,9.07,6.61,50,Mixed,2.3,0.42,1,6.32,Medium
122,Weekday,Bike,15.9,8.56,0,Non-Veg,2.7,0.5,2,12.31,High
122,Weekday,Bus,11.19,6.01,0,Mixed,7.7,1.02,2,9.75,Medium
123,Weekend,Walk,3.87,6.93,0,Mixed,8.2,0.2,0,9.43,Medium
123,Weekend,Bike,0.84,5.37,25,Non-Veg,6.7,0.95,3,8.74,Medium
123,Weekday,Car,12.54,7.01,0,Non-Veg,2.9,0.65,2,13.86,High
123,Weekend,Bus,10.09,5.11,25,Non-Veg,5.8,0.76,2,9.56,Medium
123,Weekend,Bike,6.66,3.75,75,Veg,7.8,0.63,1,3.13,Low
123,Weekend,Car,9.37,5.83,75,Veg,6.1,0.7,2,5.2,Low
123,Weekday,Car,10.32,6.44,0,Mixed,7.8,0.59,1,11.26,High
124,Weekend,Bus,10.9,2.86,0,Mixed,7.6,0.36,0,7.14,Medium
124,Weekend,Bike,6.08,2.0,75,Mixed,3.7,0.45,4,2.85,Low
124,Weekday,EV,9.42,3.91,0,Non-Veg,8.9,0.99,1,9.87,Medium
124,Weekend,Car,1.07,5.92,25,Non-Veg,6.1,0.73,0,10.24,Medium
124,Weekend,EV,5.21,7.26,50,Mixed,7.5,0.1,1,6.4,Medium
124,Weekday,EV,17.81,2.87,0,Non-Veg,3.4,0.7,2,8.61,Medium
124,Weekday,Bus,11.86,2.32,75,Mixed,3.7,0.48,4,3.91,Low
125,Weekend,EV,7.09,5.21,0,Non-Veg,5.5,0.75,1,10.55,Medium
125,Weekday,Bike,10.5,5.8,25,Non-Veg,3.3,0.86,2,9.29,Medium
125,Weekday,EV,8.64,9.19,50,Non-Veg,5.0,1.25,0,11.12,High
125,Weekday,EV,11.07,9.14,0,Mixed,2.6,1.13,0,12.79,High
125,Weekend,Bike,6.9,7.91,0,Non-Veg,4.5,1.05,0,13.24,High
125,Weekday,Bike,13.28,7.74,0,Non-Veg,3.4,0.76,2,11.96,High
125,Weekday,Bike,13.94,6.42,25,Veg,7.0,0.78,0,6.89,Medium
126,Weekday,Bus,15.07,6.39,25,Mixed,8.4,0.62,0,9.39,Medium
126,Weekend,Walk,10.15,6.23,25,Mixed,5.4,0.67,2,7.34,Medium
126,Weekday,Walk,10.7,9.65,0,Veg,5.4,0.62,3,9.45,Medium
126,Weekend,Walk,7.41,5.22,0,Mixed,8.5,0.9,0,8.85,Medium
126,Weekend,Bike,9.3,9.81,50,Mixed,2.7,0.51,2,7.33,Medium
126,Weekday,Bike,12.3,8.44,25,Mixed,4.2,1.03,1,9.52,Medium
126,Weekday,Bike,14.25,7.99,0,Veg,8.0,0.91,1,9.24,Medium
127,Weekday,Bus,16.04,4.99,25,Veg,7.2,0.58,2,6.25,Medium
127,Weekday,Bus,8.31,2.21,25,Veg,7.5,0.59,1,4.34,Low
127,Weekday,Bike,12.65,6.41,25,Veg,5.5,0.83,1,6.54,Medium
127,Weekday,Car,20.28,5.88,25,Mixed,2.9,0.5,3,10.77,Medium
127,Weekday,EV,12.23,3.05,0,Veg,8.5,0.48,1,5.16,Low
127,Weekday,Walk,9.05,4.69,0,Non-Veg,3.9,0.88,1,10.0,Medium
127,Weekday,Bus,16.72,8.68,50,Mixed,8.6,0.48,1,8.57,Medium
128,Weekend,EV,4.49,7.51,0,Veg,5.1,1.02,0,9.56,Medium
128,Weekend,Car,0.5,8.69,25,Veg,6.3,0.97,3,7.42,Medium
128,Weekend,Car,9.41,4.45,0,Non-Veg,6.7,0.95,1,11.87,High
128,Weekend,Bike,7.45,8.28,75,Non-Veg,3.9,0.84,1,7.81,Medium
128,Weekend,Car,8.57,4.78,0,Mixed,6.7,0.82,0,10.21,Medium
128,Weekend,EV,4.21,5.51,25,Non-Veg,4.5,0.93,1,9.77,Medium
128,Weekday,Bus,11.79,9.54,0,Veg,2.7,0.86,2,11.0,Medium
129,Weekday,Car,13.35,2.61,0,Mixed,5.5,0.16,3,7.43,Medium
129,Weekend,EV,7.47,4.36,0,Veg,8.8,0.32,0,6.26,Medium
129,Weekday,EV,2.92,4.02,50,Veg,2.9,0.18,1,3.58,Low
129,Weekend,Bus,3.95,6.13,0,Veg,8.8,0.38,1,7.4,Medium
129,Weekend,Car,3.65,4.06,100,Mixed,2.3,0.37,1,4.31,Low
129,Weekend,EV,13.9,2.0,50,Non-Veg,2.5,1.08,0,8.17,Medium
129,Weekend,Car,8.79,2.89,0,Veg,6.0,0.6,2,6.14,Medium
130,Weekend,Bus,4.58,5.87,75,Non-Veg,4.8,1.01,2,7.48,Medium
130,Weekday,EV,10.68,2.0,25,Mixed,6.9,0.55,0,5.82,Low
130,Weekend,Bus,7.77,10.62,0,Non-Veg,7.3,0.54,2,14.67,High
130,Weekend,Bus,7.52,6.29,25,Non-Veg,5.8,0.57,1,10.26,Medium
130,Weekday,Walk,16.77,2.72,75,Veg,6.7,0.65,1,2.94,Low
130,Weekend,EV,2.22,5.51,0,Veg,5.7,0.9,0,7.69,Medium
130,Weekend,Bus,0.5,2.79,100,Veg,5.9,0.54,1,2.28,Low
131,Weekend,Walk,13.45,2.84,0,Non-Veg,7.7,0.18,0,8.04,Medium
131,Weekday,EV,13.16,2.56,0,Non-Veg,6.8,0.69,1,8.55,Medium
131,Weekday,Walk,7.09,3.48,50,Mixed,8.8,0.6,1,5.25,Low
131,Weekday,Bus,7.21,5.84,25,Non-Veg,5.8,0.42,1,9.77,Medium
131,Weekend,Walk,6.97,3.69,0,Non-Veg,6.8,0.25,1,8.43,Medium
131,Weekend,Car,0.5,4.0,50,Veg,6.7,0.4,0,4.23,Low
131,Weekend,Car,0.5,4.22,0,Non-Veg,2.2,0.5,0,9.66,Medium
132,Weekday,Car,12.87,5.81,0,Mixed,2.9,0.43,1,11.08,High
132,Weekday,EV,13.95,8.39,0,Veg,6.6,0.63,1,9.79,Medium
132,Weekday,EV,7.94,6.97,100,Veg,6.3,0.66,1,2.71,Low
132,Weekend,Walk,5.43,2.17,25,Mixed,8.4,0.33,2,4.43,Low
132,Weekend,Bus,0.5,2.38,75,Mixed,2.3,0.82,2,4.22,Low
132,Weekday,Walk,20.37,5.14,0,Mixed,8.1,0.21,0,7.97,Medium
132,Weekday,Car,9.3,4.89,25,Mixed,6.8,0.1,2,7.78,Medium
133,Weekday,Car,11.06,5.5,0,Non-Veg,6.0,0.96,2,12.68,High
133,Weekday,Bike,7.6,7.4,75,Non-Veg,4.9,0.62,1,7.36,Medium
133,Weekend,EV,7.01,5.49,75,Mixed,4.0,0.98,0,6.08,Medium
133,Weekday,Walk,9.29,7.29,25,Non-Veg,7.1,0.37,1,10.02,Medium
133,Weekend,Walk,10.98,11.12,50,Veg,3.8,0.83,3,6.36,Medium
133,Weekday,Bus,5.82,4.11,0,Mixed,2.4,0.53,2,7.17,Medium
133,Weekday,Bike,14.81,6.16,50,Mixed,8.6,1.18,1,7.04,Medium
134,Weekday,Walk,8.1,5.88,25,Mixed,7.7,0.4,2,6.8,Medium
134,Weekend,Car,6.01,9.07,75,Mixed,8.4,0.66,1,7.01,Medium
134,Weekend,Bus,4.49,6.35,50,Mixed,8.4,0.44,2,6.19,Medium
134,Weekend,EV,13.97,6.53,25,Non-Veg,7.1,0.52,0,10.7,Medium
134,Weekend,Car,6.16,6.72,75,Mixed,2.8,0.83,1,6.77,Medium
134,Weekend,Bike,9.75,3.62,0,Non-Veg,6.1,0.62,1,8.81,Medium
134,Weekday,Bus,14.56,3.12,0,Veg,4.2,0.91,0,6.81,Medium
135,Weekend,Walk,0.5,6.4,25,Mixed,4.2,1.09,1,8.34,Medium
135,Weekday,Car,11.25,7.7,50,Veg,8.2,1.26,2,8.23,Medium
135,Weekend,Car,15.97,6.95,0,Non-Veg,8.9,0.81,1,15.12,High
135,Weekday,Bike,12.47,3.91,25,Veg,3.8,0.75,0,5.31,Low
135,Weekend,Bus,6.6,10.98,0,Veg,4.2,0.73,0,12.4,High
135,Weekend,EV,6.61,8.92,50,Mixed,6.7,1.03,2,7.86,Medium
135,Weekday,Walk,17.18,8.47,25,Mixed,4.5,1.04,2,9.16,Medium
136,Weekend,Bike,0.63,8.76,25,Veg,5.6,0.85,3,7.2,Medium
136,Weekday,EV,21.28,8.06,25,Non-Veg,2.7,0.97,1,12.07,High
136,Weekday,Car,15.3,6.36,25,Veg,8.6,0.92,1,9.83,Medium
136,Weekday,EV,7.71,9.32,0,Non-Veg,9.0,0.96,1,14.2,High
136,Weekend,Walk,11.12,7.07,50,Mixed,5.8,0.72,1,6.86,Medium
136,Weekend,Walk,0.81,5.79,25,Non-Veg,2.5,0.79,3,8.8,Medium
136,Weekday,Walk,15.09,7.69,0,Non-Veg,2.7,0.86,2,12.04,High
137,Weekend,Bike,8.82,6.51,0,Veg,6.7,0.75,0,8.23,Medium
137,Weekday,EV,9.07,4.49,25,Mixed,6.2,0.92,0,7.73,Medium
137,Weekend,Walk,2.52,8.01,50,Non-Veg,3.1,0.56,1,9.06,Medium
137,Weekend,Bus,7.54,4.58,75,Veg,8.2,0.89,0,4.61,Low
137,Weekend,EV,2.95,6.48,25,Non-Veg,7.0,0.95,0,10.74,Medium
137,Weekend,Bike,11.99,4.62,50,Mixed,5.5,0.66,1,5.79,Low
137,Weekday,Bike,7.31,3.87,0,Veg,4.4,0.72,1,5.63,Low
138,Weekday,Bus,12.09,4.28,0,Veg,8.5,0.64,0,7.25,Medium
138,Weekday,Car,17.31,8.29,0,Veg,5.0,0.76,0,13.34,High
138,Weekday,EV,15.46,2.92,0,Non-Veg,2.9,0.33,2,8.11,Medium
138,Weekend,Bike,7.26,3.29,75,Mixed,3.8,0.21,1,4.02,Low
138,Weekend,Bus,4.5,2.0,25,Veg,4.9,0.68,2,3.61,Low
138,Weekend,Walk,5.35,5.1,25,Mixed,2.7,0.43,0,7.15,Medium
138,Weekday,Walk,6.72,8.34,50,Mixed,4.7,0.32,2,6.5,Medium
139,Weekday,EV,17.26,4.18,50,Mixed,7.8,0.31,0,6.28,Medium
139,Weekend,Car,5.93,6.39,50,Mixed,4.1,0.3,1,7.33,Medium
139,Weekend,Bus,0.5,3.58,0,Mixed,3.4,0.41,1,6.57,Medium
139,Weekday,Bike,7.61,8.57,50,Non-Veg,4.7,0.89,1,9.68,Medium
139,Weekend,Bike,5.75,3.25,25,Veg,8.2,0.42,1,4.11,Low
139,Weekday,Car,6.78,4.46,75,Veg,5.1,0.28,2,3.87,Low
139,Weekday,Bus,5.2,4.32,75,Veg,6.0,0.37,1,3.35,Low
140,Weekend,Walk,2.5,8.3,25,Mixed,5.4,0.83,2,8.8,Medium
140,Weekday,Bike,15.17,5.76,0,Mixed,2.8,1.26,1,9.33,Medium
140,Weekday,Car,7.74,8.96,75,Veg,7.4,0.82,0,6.44,Medium
140,Weekend,Car,8.15,8.93,25,Mixed,4.4,0.79,1,11.25,High
140,Weekday,Bike,10.57,7.08,25,Mixed,6.5,0.47,1,8.01,Medium
140,Weekend,Walk,1.99,7.18,50,Non-Veg,7.1,0.88,1,9.09,Medium
140,Weekend,EV,7.23,6.69,75,Non-Veg,5.7,0.93,2,7.48,Medium
141,Weekend,EV,4.55,5.67,0,Mixed,5.3,0.43,0,8.85,Medium
141,Weekday,Bike,12.34,4.2,75,Mixed,8.9,0.41,1,4.46,Low
141,Weekday,Car,12.15,5.98,0,Non-Veg,8.5,0.67,1,13.36,High
141,Weekend,EV,9.6,5.54,0,Veg,5.1,0.3,2,6.49,Medium
141,Weekend,Car,8.02,5.12,50,Mixed,3.6,0.32,0,7.67,Medium
141,Weekday,Walk,7.46,2.77,25,Mixed,8.4,0.37,0,5.65,Low
141,Weekend,Walk,9.84,6.37,0,Mixed,8.5,0.12,1,8.46,Medium
142,Weekend,EV,9.91,10.43,0,Veg,6.7,0.62,2,10.9,Medium
142,Weekday,EV,15.83,6.51,25,Mixed,7.9,0.7,0,8.98,Medium
142,Weekend,Walk,11.22,8.85,0,Veg,5.7,0.71,1,9.71,Medium
142,Weekend,Bike,0.87,7.99,0,Mixed,7.6,0.73,1,10.52,Medium
142,Weekday,EV,10.04,5.92,0,Mixed,7.0,1.14,0,10.13,Medium
142,Weekend,Bus,5.43,6.4,100,Non-Veg,6.9,0.69,1,6.37,Medium
142,Weekend,Bike,11.09,11.7,50,Veg,3.8,0.57,1,7.09,Medium
143,Weekday,EV,11.95,7.06,0,Veg,5.1,0.55,2,8.13,Medium
143,Weekend,Car,13.6,6.75,50,Veg,6.1,1.03,1,8.46,Medium
143,Weekday,Walk,8.72,6.91,0,Mixed,2.7,1.12,2,9.71,Medium
143,Weekday,Walk,17.1,11.45,100,Non-Veg,5.7,0.62,1,5.84,Low
143,Weekday,Bus,10.97,5.27,25,Mixed,7.7,0.64,2,7.59,Medium
143,Weekday,Walk,13.75,4.18,100,Non-Veg,6.6,0.89,1,6.17,Medium
143,Weekday,Bike,8.39,9.13,0,Veg,5.7,1.07,0,10.77,Medium
144,Weekend,EV,0.5,5.9,50,Veg,6.3,0.87,2,4.68,Low
144,Weekend,Bike,5.39,5.4,100,Mixed,5.8,0.63,2,3.46,Low
144,Weekday,Bike,10.54,7.44,0,Non-Veg,3.8,0.72,2,11.67,High
144,Weekday,Walk,14.29,5.01,25,Veg,4.8,0.72,1,5.55,Low
144,Weekday,Bus,7.93,5.67,50,Mixed,5.1,0.74,0,7.34,Medium
144,Weekday,Bike,14.02,7.51,25,Veg,4.1,0.49,0,7.2,Medium
144,Weekend,Bus,9.61,5.77,75,Non-Veg,5.6,0.65,2,7.43,Medium
145,Weekend,Car,3.92,3.16,0,Non-Veg,6.7,0.75,0,9.82,Medium
145,Weekday,Walk,5.27,4.72,75,Non-Veg,4.6,0.38,1,6.52,Medium
145,Weekend,Bus,2.6,4.54,0,Veg,7.3,0.64,1,6.29,Medium
145,Weekend,Car,4.74,2.11,0,Mixed,7.1,0.75,1,6.73,Medium
145,Weekday,Car,14.77,2.0,25,Veg,2.9,0.77,0,7.26,Medium
145,Weekday,Car,21.99,7.94,25,Veg,2.7,0.59,3,11.0,High
145,Weekend,Bike,7.89,4.0,50,Non-Veg,2.2,0.28,1,7.08,Medium
146,Weekend,Bus,2.31,8.24,0,Non-Veg,8.9,0.69,2,12.47,High
146,Weekday,Walk,14.27,5.07,0,Non-Veg,7.7,1.0,1,10.46,Medium
146,Weekend,Bike,0.5,7.39,50,Non-Veg,5.6,1.25,1,9.63,Medium
146,Weekday,Bike,15.58,3.19,75,Non-Veg,5.1,0.84,1,6.76,Medium
146,Weekend,Walk,6.04,7.37,75,Mixed,6.3,0.61,1,5.34,Low
146,Weekend,Bus,7.94,7.32,0,Veg,7.0,0.63,1,9.0,Medium
146,Weekday,Walk,10.03,2.0,0,Veg,2.2,0.98,1,4.41,Low
147,Weekday,Bike,13.56,6.32,75,Veg,5.5,0.69,0,4.13,Low
147,Weekday,EV,9.01,3.99,75,Mixed,2.9,0.6,3,4.19,Low
147,Weekend,EV,10.87,6.14,25,Non-Veg,7.5,0.75,1,10.22,Medium
147,Weekday,Bus,11.76,6.32,25,Mixed,3.3,0.72,3,7.99,Medium
147,Weekday,EV,11.86,4.36,50,Non-Veg,7.8,0.34,1,7.77,Medium
147,Weekday,Bus,12.88,4.1,0,Veg,7.7,0.62,0,7.14,Medium
147,Weekend,Bus,4.92,2.5,25,Non-Veg,7.3,0.9,1,8.11,Medium
148,Weekend,EV,4.96,2.0,50,Non-Veg,6.1,0.31,1,6.49,Medium
148,Weekday,Bike,13.61,2.15,25,Mixed,5.6,0.65,1,5.21,Low
148,Weekday,Walk,8.02,5.57,0,Veg,6.2,0.55,0,7.23,Medium
148,Weekend,Bus,2.85,5.13,100,Mixed,7.0,0.69,1,4.16,Low
148,Weekday,Bus,15.85,6.14,25,Veg,5.8,0.56,1,7.31,Medium
148,Weekday,Bus,2.49,5.11,25,Veg,8.9,0.42,0,5.85,Low
148,Weekend,Car,0.5,7.49,0,Mixed,6.0,0.64,0,10.51,Medium
149,Weekday,Bike,9.18,4.39,100,Non-Veg,4.2,0.53,1,5.74,Low
149,Weekday,Bus,10.64,4.46,0,Non-Veg,6.5,0.27,1,9.92,Medium
149,Weekday,Walk,14.39,2.98,25,Mixed,3.3,0.71,1,5.78,Low
149,Weekend,Bus,13.24,6.21,0,Non-Veg,6.9,0.8,2,11.81,High
149,Weekend,Car,0.92,7.79,100,Non-Veg,4.3,0.75,1,6.2,Medium
149,Weekend,Bus,3.48,6.58,0,Veg,2.1,0.1,0,7.79,Medium
149,Weekend,Car,4.21,2.0,0,Mixed,8.1,0.49,3,5.41,Low
150,Weekday,Car,12.99,6.78,0,Mixed,5.6,0.75,0,12.68,High
150,Weekday,Walk,13.91,4.21,0,Mixed,5.3,0.34,1,6.97,Medium
150,Weekday,EV,12.84,3.09,100,Veg,3.1,0.4,1,2.59,Low
150,Weekday,Bus,15.1,5.41,0,Mixed,3.3,0.86,1,9.78,Medium
150,Weekday,Walk,15.74,4.95,75,Non-Veg,5.2,0.75,1,7.02,Medium
150,Weekday,Bus,16.87,2.0,0,Non-Veg,5.1,0.73,2,8.57,Medium
150,Weekend,Walk,10.28,7.67,25,Veg,4.3,0.65,0,7.5,Medium
151,Weekday,EV,16.19,7.25,25,Mixed,6.7,0.98,1,9.38,Medium
151,Weekend,Bike,10.35,6.5,25,Non-Veg,2.7,1.1,1,10.42,Medium
151,Weekday,EV,7.82,10.61,25,Non-Veg,6.8,0.89,2,12.61,High
151,Weekday,Bike,9.28,7.92,75,Veg,5.4,1.01,3,3.64,Low
151,Weekend,Car,3.15,4.68,25,Mixed,4.0,0.99,0,8.23,Medium
151,Weekend,Walk,4.31,5.68,0,Veg,2.4,0.97,0,7.81,Medium
151,Weekend,Walk,7.65,7.91,0,Veg,5.2,1.08,2,8.98,Medium
152,Weekday,Walk,11.66,7.25,75,Veg,7.2,0.84,1,4.1,Low
152,Weekday,Bus,13.16,3.37,50,Non-Veg,4.9,0.99,0,9.12,Medium
152,Weekend,Car,7.7,3.26,50,Veg,3.7,0.61,2,4.89,Low
152,Weekend,Bike,5.0,6.59,100,Mixed,8.7,0.85,1,4.12,Low
152,Weekday,Bus,6.66,4.51,75,Veg,4.0,0.99,2,3.84,Low
152,Weekday,EV,11.65,6.43,0,Mixed,7.7,0.81,3,9.01,Medium
152,Weekend,Car,11.6,5.54,25,Veg,5.1,0.66,1,8.24,Medium
153,Weekday,Car,9.52,5.73,25,Veg,3.6,0.43,1,7.64,Medium
153,Weekend,Bike,10.75,5.94,75,Non-Veg,5.0,0.71,1,7.17,Medium
153,Weekend,Bike,17.92,6.59,25,Veg,6.9,0.68,2,6.07,Medium
153,Weekday,Bike,9.12,4.09,0,Non-Veg,4.3,0.79,0,9.81,Medium
153,Weekday,Bus,13.17,10.07,0,Non-Veg,2.1,0.69,1,15.25,High
153,Weekend,Car,7.85,3.69,0,Non-Veg,3.6,0.95,0,11.31,High
153,Weekday,EV,19.48,5.26,0,Mixed,2.1,1.28,2,9.32,Medium
154,Weekday,EV,13.75,4.25,0,Non-Veg,5.5,0.58,2,9.43,Medium
154,Weekend,Walk,9.4,7.38,0,Veg,6.6,0.92,3,7.96,Medium
154,Weekday,Bus,11.28,2.69,50,Mixed,3.5,0.72,2,5.57,Low
154,Weekend,Car,0.6,5.44,25,Mixed,4.0,0.84,0,7.98,Medium
154,Weekend,Walk,3.07,2.31,100,Veg,4.7,0.55,0,2.67,Low
154,Weekday,Car,12.72,4.8,25,Mixed,4.9,0.6,1,9.45,Medium
154,Weekend,Bus,5.61,4.02,0,Mixed,3.2,0.82,2,7.43,Medium
155,Weekday,EV,11.83,2.73,0,Non-Veg,6.7,0.82,0,9.19,Medium
155,Weekday,EV,12.22,6.41,0,Veg,4.8,0.75,0,8.64,Medium
155,Weekday,EV,8.56,3.78,25,Non-Veg,4.9,0.49,0,8.75,Medium
155,Weekend,EV,10.65,4.6,50,Non-Veg,6.0,0.79,1,8.36,Medium
155,Weekday,EV,10.36,5.79,50,Non-Veg,8.3,0.53,1,8.52,Medium
155,Weekend,Car,12.86,3.44,25,Mixed,7.3,0.63,0,9.07,Medium
155,Weekend,Walk,6.99,5.36,50,Veg,7.9,0.92,0,5.3,Low
156,Weekend,EV,4.16,3.87,75,Veg,4.4,0.28,2,2.5,Low
156,Weekend,Walk,10.03,2.0,0,Mixed,2.6,0.74,1,5.63,Low
156,Weekend,Bus,0.67,3.16,25,Mixed,7.0,0.29,2,5.04,Low
156,Weekday,Walk,22.67,4.82,75,Mixed,2.3,0.76,0,5.41,Low
156,Weekend,Walk,6.93,5.06,50,Veg,5.1,0.57,0,4.75,Low
156,Weekend,EV,5.77,6.13,0,Non-Veg,6.8,0.33,0,11.15,High
156,Weekday,Walk,11.79,4.86,50,Veg,5.5,0.4,3,3.27,Low
157,Weekend,Bike,12.24,3.19,50,Mixed,4.5,0.73,1,5.28,Low
157,Weekday,Walk,9.31,4.18,0,Non-Veg,4.2,1.2,3,9.17,Medium
157,Weekday,Bus,9.48,6.17,0,Non-Veg,7.8,0.78,0,12.25,High
157,Weekend,Bus,7.6,5.96,25,Mixed,2.5,0.61,3,7.31,Medium
157,Weekend,Bus,8.37,9.26,50,Non-Veg,6.5,0.96,4,9.51,Medium
157,Weekday,Bike,20.34,6.64,25,Mixed,7.8,0.61,1,7.92,Medium
157,Weekday,Bus,9.77,6.76,50,Non-Veg,7.8,0.84,1,9.67,Medium
158,Weekday,Car,7.49,4.54,0,Non-Veg,3.2,0.59,2,10.71,Medium
158,Weekday,Bike,5.71,2.97,25,Veg,4.7,0.7,2,3.86,Low
158,Weekday,Bus,10.34,2.0,75,Mixed,2.0,0.65,1,5.12,Low
158,Weekend,Car,10.47,2.18,75,Non-Veg,6.3,0.45,1,8.29,Medium
158,Weekend,Car,8.69,4.7,50,Veg,6.1,0.49,2,5.54,Low
158,Weekday,Car,12.94,2.95,0,Non-Veg,2.6,0.86,1,11.28,High
158,Weekend,Car,0.5,2.17,50,Non-Veg,6.5,0.78,2,6.63,Medium
159,Weekday,Walk,14.23,6.43,75,Veg,6.1,0.63,1,3.67,Low
159,Weekend,Bus,3.39,6.96,0,Mixed,8.8,0.41,0,9.96,Medium
159,Weekend,Bike,13.08,7.07,25,Non-Veg,6.4,0.53,1,10.08,Medium
159,Weekday,Bus,7.89,3.72,25,Veg,2.6,0.91,0,6.0,Medium
159,Weekday,Walk,11.12,6.48,0,Veg,7.7,0.8,0,8.28,Medium
159,Weekday,Walk,10.81,6.63,0,Veg,5.6,1.0,1,8.24,Medium
159,Weekend,Car,0.5,5.06,50,Non-Veg,4.5,0.75,1,8.18,Medium
160,Weekend,Bus,10.99,5.73,0,Non-Veg,4.2,0.98,1,11.86,High
160,Weekend,Bus,4.09,7.17,25,Mixed,6.0,0.85,2,8.45,Medium
160,Weekend,Bike,8.5,8.55,100,Veg,8.0,0.49,0,2.59,Low
160,Weekday,Walk,9.39,6.15,75,Mixed,8.0,0.74,1,5.25,Low
160,Weekend,Car,11.41,7.31,0,Veg,2.9,0.51,2,10.2,Medium
160,Weekend,Car,0.5,7.79,50,Non-Veg,7.5,1.0,0,10.0,Medium
160,Weekend,EV,9.72,6.55,0,Mixed,7.3,0.43,1,9.38,Medium
161,Weekend,Car,1.25,9.22,0,Mixed,5.4,0.68,1,11.74,High
161,Weekday,EV,19.59,7.77,50,Mixed,4.3,0.28,1,7.41,Medium
161,Weekday,Bike,8.97,4.83,75,Veg,3.6,0.7,1,3.43,Low
161,Weekday,Walk,12.4,2.07,25,Veg,6.2,0.57,5,1.96,Low
161,Weekend,EV,5.06,7.19,100,Veg,4.9,0.97,1,2.97,Low
161,Weekday,Bike,15.04,5.89,0,Mixed,7.4,0.99,2,8.72,Medium
161,Weekend,Car,15.47,4.96,25,Veg,3.4,0.66,2,8.29,Medium
162,Weekday,Walk,14.26,7.66,25,Veg,5.5,0.21,0,6.96,Medium
162,Weekend,Bus,0.86,5.64,0,Veg,8.5,0.99,2,7.08,Medium
162,Weekday,Bus,16.31,4.54,100,Mixed,7.7,0.92,1,5.51,Low
162,Weekend,Bike,2.27,3.87,0,Mixed,8.0,0.49,0,7.26,Medium
162,Weekend,EV,3.43,6.19,0,Mixed,5.0,0.94,1,9.44,Medium
162,Weekend,EV,10.76,7.53,50,Mixed,7.1,0.75,0,7.92,Medium
162,Weekday,Walk,13.6,6.96,75,Veg,5.1,1.02,1,4.26,Low
163,Weekday,Walk,12.01,6.1,50,Non-Veg,7.5,1.05,1,8.86,Medium
163,Weekend,Bike,6.68,6.97,0,Veg,5.8,0.87,2,7.96,Medium
163,Weekend,Bike,6.73,6.06,25,Veg,3.9,1.06,1,6.6,Medium
163,Weekday,Bus,11.1,5.66,75,Mixed,5.2,0.87,1,6.19,Medium
163,Weekend,Bike,13.87,7.49,0,Mixed,6.9,1.1,2,10.16,Medium
163,Weekday,EV,16.19,5.06,0,Mixed,2.3,0.84,1,8.9,Medium
163,Weekday,Walk,16.11,6.22,0,Mixed,3.7,0.98,0,9.78,Medium
164,Weekday,Bike,9.61,9.4,50,Veg,7.7,0.7,0,6.69,Medium
164,Weekday,Bike,7.8,4.08,0,Mixed,4.0,0.73,1,7.32,Medium
164,Weekend,EV,0.5,4.16,0,Veg,5.8,0.93,0,6.55,Medium
164,Weekday,Bike,11.4,4.44,75,Non-Veg,7.1,0.82,2,6.6,Medium
164,Weekend,Car,11.88,11.13,25,Non-Veg,6.0,0.83,5,13.83,High
164,Weekday,Bike,11.85,2.71,75,Veg,5.5,0.56,0,3.23,Low
164,Weekday,Bus,13.65,4.49,25,Non-Veg,3.9,0.78,1,9.9,Medium
165,Weekday,Walk,8.34,5.75,75,Mixed,4.6,0.91,0,5.77,Low
165,Weekend,Bike,9.46,6.01,25,Veg,3.3,0.82,2,5.88,Low
165,Weekend,Walk,10.24,4.52,50,Non-Veg,7.4,0.99,1,8.14,Medium
165,Weekend,Walk,4.12,5.9,0,Mixed,5.2,0.66,3,7.93,Medium
165,Weekend,Car,8.29,6.24,50,Non-Veg,8.0,0.58,1,10.1,Medium
165,Weekend,Bike,2.82,4.96,75,Non-Veg,6.8,0.71,2,6.56,Medium
165,Weekend,Bus,3.52,3.94,25,Veg,5.7,0.76,2,4.81,Low
166,Weekday,Bike,14.38,5.85,25,Non-Veg,8.1,0.3,0,9.46,Medium
166,Weekday,Car,4.5,6.5,25,Mixed,8.1,0.47,1,8.6,Medium
166,Weekend,Walk,7.6,5.79,25,Veg,2.1,0.33,0,5.95,Low
166,Weekday,Walk,8.41,2.0,0,Mixed,6.8,0.61,0,5.88,Low
166,Weekend,Car,0.5,3.79,0,Veg,5.7,0.28,0,5.55,Low
166,Weekend,EV,1.09,4.43,50,Veg,7.3,0.49,0,4.46,Low
166,Weekday,EV,8.05,2.0,25,Mixed,5.6,0.64,2,5.02,Low
167,Weekend,Car,9.1,4.77,25,Veg,7.8,0.57,1,7.13,Medium
167,Weekend,Bike,7.9,3.75,50,Non-Veg,3.6,0.45,0,7.57,Medium
167,Weekday,Bike,8.72,6.61,0,Non-Veg,3.7,0.57,0,11.6,High
167,Weekend,Car,0.5,3.52,25,Veg,6.4,0.43,0,4.78,Low
167,Weekend,Bus,7.36,5.12,0,Non-Veg,4.7,0.73,1,10.76,Medium
167,Weekday,EV,15.35,8.1,100,Veg,8.5,0.65,2,2.59,Low
167,Weekday,Bus,19.67,5.01,75,Mixed,3.4,0.55,0,6.76,Medium
168,Weekday,Walk,10.75,7.46,75,Veg,6.4,0.7,0,4.37,Low
168,Weekend,Bike,6.09,2.0,0,Non-Veg,4.4,0.71,1,7.59,Medium
168,Weekend,EV,1.71,6.25,0,Mixed,5.6,0.59,3,8.21,Medium
168,Weekend,EV,2.52,5.11,50,Mixed,4.0,0.64,1,6.07,Medium
168,Weekend,Bike,1.12,6.91,0,Non-Veg,5.3,0.91,2,11.46,High
168,Weekend,Car,9.94,2.39,75,Veg,6.7,0.6,1,4.9,Low
168,Weekday,Walk,8.84,7.08,25,Mixed,5.1,0.53,2,7.69,Medium
169,Weekday,Bike,9.88,4.4,0,Veg,5.3,0.59,0,6.32,Medium
169,Weekday,EV,10.76,6.28,100,Non-Veg,2.8,0.64,3,5.49,Low
169,Weekend,Bus,13.72,6.42,25,Mixed,7.8,0.78,1,9.08,Medium
169,Weekend,Car,4.13,8.41,75,Non-Veg,5.5,0.43,2,7.81,Medium
169,Weekday,Bike,5.87,4.3,50,Mixed,7.2,0.81,0,6.24,Medium
169,Weekday,Car,5.12,5.41,25,Mixed,4.5,0.84,2,8.11,Medium
169,Weekend,Bus,3.44,9.01,0,Mixed,4.6,0.31,0,11.53,High
170,Weekday,Walk,11.88,7.78,75,Non-Veg,5.5,0.79,0,8.04,Medium
170,Weekend,EV,9.56,7.54,0,Veg,8.3,0.74,2,8.65,Medium
170,Weekday,Bike,15.23,4.27,25,Veg,7.2,0.64,1,4.99,Low
170,Weekend,Bike,9.98,6.09,0,Non-Veg,4.7,0.75,0,11.4,High
170,Weekend,Walk,2.6,3.4,0,Veg,8.6,0.85,0,5.8,Low
170,Weekend,Car,4.5,5.55,25,Mixed,5.5,0.5,1,8.05,Medium
170,Weekday,Walk,10.43,5.93,25,Non-Veg,3.4,0.96,0,10.29,Medium
171,Weekday,Bus,8.79,3.47,25,Veg,5.9,0.78,1,5.37,Low
171,Weekday,Bike,13.97,6.71,0,Mixed,3.5,0.39,2,8.67,Medium
171,Weekday,Walk,8.51,7.56,0,Veg,4.8,0.68,0,9.02,Medium
171,Weekend,Walk,6.43,2.0,25,Non-Veg,2.2,0.58,1,7.02,Medium
171,Weekday,EV,4.51,8.46,0,Mixed,4.1,0.78,2,10.75,Medium
171,Weekday,EV,10.46,4.35,25,Veg,3.6,0.79,3,4.84,Low
171,Weekend,EV,8.8,3.12,75,Non-Veg,4.4,0.15,1,6.27,Medium
172,Weekend,EV,3.27,5.79,25,Mixed,5.5,0.7,0,8.03,Medium
172,Weekend,Walk,2.92,6.34,50,Mixed,7.4,1.21,1,7.15,Medium
172,Weekday,Bus,10.73,6.29,0,Mixed,3.0,0.75,2,9.61,Medium
172,Weekday,Walk,14.47,9.91,50,Mixed,2.1,1.06,0,8.83,Medium
172,Weekend,Bike,0.5,5.26,50,Non-Veg,7.5,1.03,1,8.49,Medium
172,Weekday,Bus,11.22,8.28,0,Non-Veg,5.4,0.71,0,14.03,High
172,Weekday,Bike,14.81,7.89,75,Mixed,3.0,0.58,3,4.62,Low
173,Weekday,Car,14.2,5.29,0,Non-Veg,3.2,1.03,1,13.66,High
173,Weekday,Bike,10.54,3.7,25,Mixed,6.9,1.02,3,5.8,Low
173,Weekday,Bike,12.04,3.82,0,Veg,3.8,0.69,0,5.95,Low
173,Weekday,Car,12.05,11.36,75,Veg,6.5,0.86,3,6.69,Medium
173,Weekend,Car,7.54,5.02,25,Veg,7.5,0.9,2,6.96,Medium
173,Weekend,Car,11.57,5.52,50,Mixed,8.7,0.9,2,8.47,Medium
173,Weekend,Walk,0.5,4.15,50,Non-Veg,7.3,0.55,2,7.06,Medium
174,Weekend,Bus,8.43,7.38,25,Mixed,8.3,0.95,0,9.85,Medium
174,Weekend,Car,9.28,4.49,75,Mixed,8.0,0.59,2,6.28,Medium
174,Weekend,EV,7.39,6.33,50,Mixed,8.8,1.24,0,7.87,Medium
174,Weekend,Car,10.29,6.53,25,Mixed,2.5,0.33,0,10.07,Medium
174,Weekend,Car,8.75,6.26,75,Veg,7.6,0.95,1,5.87,Low
174,Weekend,Car,0.64,5.56,75,Veg,3.2,0.74,0,4.17,Low
174,Weekday,Walk,4.67,6.95,0,Veg,2.4,0.45,1,7.84,Medium
175,Weekday,Walk,18.56,2.74,25,Veg,8.6,0.75,2,3.79,Low
175,Weekday,Bus,10.41,8.08,0,Mixed,7.7,0.53,2,10.79,Medium
175,Weekday,Walk,15.85,8.3,75,Non-Veg,2.3,0.71,0,8.05,Medium
175,Weekday,Walk,11.12,7.67,25,Veg,7.9,0.75,0,7.61,Medium
175,Weekend,Bus,8.57,5.71,0,Non-Veg,6.2,0.86,0,11.9,High
175,Weekend,Walk,5.69,3.17,75,Mixed,6.2,0.62,2,4.1,Low
175,Weekday,EV,9.4,5.61,25,Veg,6.7,0.8,1,6.38,Medium
176,Weekday,Walk,14.17,2.0,0,Mixed,4.3,0.69,0,5.97,Low
176,Weekend,Walk,0.5,5.22,25,Mixed,6.7,0.21,0,6.97,Medium
176,Weekend,Bus,3.43,6.54,50,Mixed,6.7,0.34,0,6.86,Medium
176,Weekend,Bike,12.11,7.67,25,Veg,5.8,1.06,1,7.59,Medium
176,Weekend,Bus,4.58,3.2,0,Mixed,8.8,0.57,1,6.78,Medium
176,Weekday,Car,6.72,3.81,25,Mixed,7.8,0.52,1,7.48,Medium
176,Weekday,Bus,13.9,5.3,75,Mixed,5.9,0.44,1,5.83,Low
177,Weekday,Bus,11.17,6.7,0,Non-Veg,5.3,0.47,3,11.25,High
177,Weekend,Bus,6.64,3.3,0,Non-Veg,3.2,0.25,1,8.64,Medium
177,Weekend,Car,11.02,5.56,50,Veg,8.2,0.57,1,6.87,Medium
177,Weekend,Walk,6.65,3.66,0,Non-Veg,3.2,0.46,0,9.04,Medium
177,Weekend,Car,3.24,5.16,75,Non-Veg,8.2,0.77,0,8.16,Medium
177,Weekday,Bus,16.68,4.86,0,Veg,8.3,0.65,0,8.1,Medium
177,Weekday,Bike,8.38,4.58,75,Mixed,3.0,0.57,2,4.32,Low
178,Weekday,Bike,6.06,3.89,75,Veg,4.9,0.76,1,3.31,Low
178,Weekend,Walk,11.98,3.69,25,Veg,4.2,0.2,0,4.51,Low
178,Weekday,EV,13.78,6.57,50,Non-Veg,5.5,0.71,4,8.0,Medium
178,Weekend,Car,4.92,2.0,0,Non-Veg,8.8,0.76,2,8.29,Medium
178,Weekend,EV,14.4,6.91,25,Veg,7.3,0.65,0,7.6,Medium
178,Weekend,Bike,3.76,3.37,25,Veg,7.9,0.41,2,3.77,Low
178,Weekend,Bus,10.53,4.53,0,Non-Veg,6.9,0.5,0,10.66,Medium
179,Weekend,Car,0.5,5.38,0,Veg,3.8,0.42,0,7.02,Medium
179,Weekend,Car,5.93,5.57,0,Mixed,7.3,0.43,0,9.83,Medium
179,Weekday,Walk,13.84,4.61,50,Mixed,2.5,0.59,4,4.5,Low
179,Weekend,Car,11.32,3.87,0,Veg,2.1,1.04,0,8.8,Medium
179,Weekday,Bike,15.47,8.61,25,Non-Veg,2.2,0.76,1,11.31,High
179,Weekend,EV,5.77,6.36,25,Veg,8.0,0.73,2,6.22,Medium
179,Weekend,Bus,5.55,5.04,50,Non-Veg,4.9,0.45,3,7.35,Medium
180,Weekend,Walk,3.04,7.27,0,Mixed,4.9,0.65,1,9.84,Medium
180,Weekend,Car,11.02,2.0,0,Veg,5.6,0.55,0,6.61,Medium
180,Weekend,Bus,3.71,5.16,50,Mixed,7.1,0.99,2,6.3,Medium
180,Weekday,Walk,17.94,3.54,25,Non-Veg,7.9,0.68,0,8.49,Medium
180,Weekday,Car,12.28,3.31,0,Mixed,8.2,0.88,0,9.85,Medium
180,Weekend,EV,6.71,6.54,50,Veg,3.4,0.71,0,5.81,Low
180,Weekday,Car,5.68,3.96,0,Mixed,3.4,0.45,1,8.09,Medium
181,Weekend,Car,6.9,4.41,0,Mixed,2.8,0.67,2,8.58,Medium
181,Weekday,Bike,12.6,2.72,50,Mixed,7.1,0.52,1,4.84,Low
181,Weekend,Walk,6.14,3.65,50,Veg,7.5,0.38,1,3.55,Low
181,Weekday,Bus,8.82,4.15,50,Mixed,6.1,0.73,1,6.38,Medium
181,Weekend,Bus,3.88,5.7,25,Mixed,3.5,0.11,0,7.44,Medium
181,Weekday,EV,10.93,5.49,0,Veg,6.1,0.47,2,6.71,Medium
181,Weekday,Bus,16.61,6.4,50,Non-Veg,8.6,0.1,1,9.17,Medium
182,Weekend,Walk,3.28,6.23,0,Mixed,8.5,0.64,1,8.97,Medium
182,Weekend,Bus,4.2,7.5,25,Veg,4.9,0.78,1,7.49,Medium
182,Weekday,Bike,11.22,5.27,0,Non-Veg,6.3,0.46,0,10.38,Medium
182,Weekend,Bus,5.07,5.6,0,Mixed,6.7,0.74,2,8.58,Medium
182,Weekday,Bike,11.94,5.22,100,Non-Veg,3.8,0.69,2,5.52,Low
182,Weekday,Walk,10.91,6.64,100,Non-Veg,4.0,0.71,1,5.95,Low
182,Weekday,Walk,19.33,3.95,25,Veg,3.8,0.77,1,4.95,Low
183,Weekday,Bus,10.02,2.25,0,Mixed,5.4,0.65,1,6.53,Medium
183,Weekend,Car,8.73,3.34,50,Veg,3.8,0.68,1,5.61,Low
183,Weekend,EV,1.56,5.29,50,Non-Veg,8.3,0.47,2,7.5,Medium
183,Weekday,Walk,0.82,8.06,0,Non-Veg,7.7,0.72,1,12.57,High
183,Weekend,Bus,3.83,7.19,0,Non-Veg,6.4,0.48,2,11.48,High
183,Weekend,Walk,10.48,4.93,25,Mixed,9.0,0.76,1,7.04,Medium
183,Weekend,Walk,11.45,5.02,50,Mixed,7.5,0.37,2,5.2,Low
184,Weekday,EV,15.43,8.45,25,Veg,2.4,0.66,2,7.81,Medium
184,Weekend,EV,0.5,6.9,0,Veg,4.0,0.47,1,7.83,Medium
184,Weekday,Car,10.21,5.77,50,Mixed,3.1,0.23,2,7.49,Medium
184,Weekday,Car,13.2,4.41,75,Veg,6.9,0.51,1,5.89,Low
184,Weekday,Bus,8.85,8.57,0,Non-Veg,7.5,0.32,1,13.22,High
184,Weekend,Bike,4.98,5.12,0,Veg,6.5,0.72,1,6.66,Medium
184,Weekday,Bike,11.75,2.0,0,Veg,6.9,0.56,3,3.11,Low
185,Weekday,EV,18.46,5.04,25,Veg,9.0,0.76,0,6.75,Medium
185,Weekday,Bus,17.35,6.51,25,Mixed,5.5,0.78,3,8.63,Medium
185,Weekday,Walk,7.62,3.38,25,Mixed,7.6,1.31,2,6.35,Medium
185,Weekend,Bus,9.47,5.84,0,Non-Veg,2.4,1.13,1,12.01,High
185,Weekend,Car,9.35,4.86,50,Veg,3.7,0.5,0,6.55,Medium
185,Weekend,EV,10.23,7.34,0,Veg,5.7,0.59,1,8.73,Medium
185,Weekend,Car,10.11,5.64,25,Non-Veg,5.2,1.16,0,12.48,High
186,Weekday,Bike,12.45,2.0,25,Non-Veg,6.5,0.67,2,6.73,Medium
186,Weekend,Bus,9.53,6.49,25,Mixed,6.8,0.5,2,8.06,Medium
186,Weekend,Car,10.13,4.87,25,Non-Veg,4.3,0.42,0,11.13,High
186,Weekday,Bus,8.39,9.49,0,Mixed,6.3,0.71,4,11.21,High
186,Weekday,Bike,15.08,4.23,25,Non-Veg,6.0,0.3,2,7.67,Medium
186,Weekend,Car,5.36,4.2,0,Non-Veg,6.9,0.5,3,9.47,Medium
186,Weekday,Bike,16.57,2.89,75,Mixed,8.3,0.27,2,3.62,Low
187,Weekday,Bike,12.35,7.14,25,Mixed,5.9,0.44,0,8.41,Medium
187,Weekday,Walk,13.33,7.3,0,Non-Veg,7.4,0.86,1,12.11,High
187,Weekday,Bus,14.45,6.41,50,Veg,5.8,0.68,1,6.2,Medium
187,Weekend,Car,6.84,8.28,75,Veg,4.8,0.61,0,5.87,Low
187,Weekday,Bike,15.51,7.8,50,Non-Veg,8.1,1.16,0,10.09,Medium
187,Weekend,Bike,6.94,5.07,25,Non-Veg,8.5,0.52,1,8.84,Medium
187,Weekend,Bike,4.15,5.25,0,Veg,6.3,1.03,1,7.14,Medium
188,Weekend,Walk,7.8,9.02,0,Mixed,4.6,0.78,2,11.04,High
188,Weekend,Car,9.25,7.57,0,Mixed,6.0,0.7,1,12.09,High
188,Weekend,Car,9.87,6.89,75,Veg,7.9,0.75,1,5.98,Low
188,Weekday,Bike,11.56,7.36,25,Veg,5.1,0.48,0,7.1,Medium
188,Weekend,Walk,16.17,5.83,25,Mixed,3.0,0.91,0,8.18,Medium
188,Weekend,Walk,9.27,4.26,0,Mixed,8.4,0.58,0,7.69,Medium
188,Weekday,Bike,9.53,6.61,0,Non-Veg,4.0,0.9,2,11.2,High
189,Weekday,Walk,4.88,5.87,25,Non-Veg,2.5,0.67,1,9.52,Medium
189,Weekday,Walk,14.96,7.12,100,Mixed,5.3,0.84,1,4.1,Low
189,Weekday,Bus,11.05,4.47,0,Non-Veg,8.9,0.83,2,10.25,Medium
189,Weekday,Bus,8.6,7.09,0,Veg,8.6,0.6,2,8.42,Medium
189,Weekday,Bus,8.46,5.71,0,Veg,3.7,0.58,3,6.85,Medium
189,Weekday,EV,14.93,5.48,0,Veg,6.4,0.36,2,6.73,Medium
189,Weekday,EV,5.64,9.16,0,Non-Veg,7.4,0.49,0,13.83,High
190,Weekday,Bike,11.7,3.53,25,Mixed,5.2,0.7,3,5.31,Low
190,Weekday,Bus,11.83,4.29,50,Mixed,5.9,0.37,1,6.25,Medium
190,Weekday,Walk,13.7,3.39,50,Non-Veg,2.3,0.8,1,7.45,Medium
190,Weekday,Bike,14.74,3.66,50,Non-Veg,6.1,0.51,1,7.21,Medium
190,Weekend,Bike,0.5,3.73,0,Mixed,3.5,0.91,0,7.65,Medium
190,Weekday,EV,16.19,3.29,50,Veg,3.4,0.56,3,3.47,Low
190,Weekday,Car,14.34,3.13,50,Mixed,4.4,0.82,1,8.37,Medium
191,Weekend,EV,2.01,2.0,0,Veg,7.3,0.51,1,3.93,Low
191,Weekend,Bus,3.08,4.36,25,Mixed,7.4,0.46,2,6.18,Medium
191,Weekday,Walk,14.55,7.88,75,Veg,6.9,0.5,1,3.81,Low
191,Weekend,EV,0.55,4.93,0,Non-Veg,8.5,0.95,2,9.91,Medium
191,Weekend,Walk,4.73,3.25,0,Mixed,5.5,0.58,2,6.05,Medium
191,Weekday,Bus,13.88,4.66,75,Non-Veg,4.0,0.8,0,8.52,Medium
191,Weekend,Bus,7.07,6.78,75,Non-Veg,8.6,0.56,1,7.73,Medium
192,Weekday,Bike,9.31,7.86,50,Mixed,2.9,0.48,3,6.1,Medium
192,Weekday,Bike,12.07,5.28,0,Mixed,8.8,0.37,0,8.28,Medium
192,Weekend,EV,7.72,9.32,0,Mixed,8.4,1.18,1,12.48,High
192,Weekday,Bike,8.29,7.24,75,Non-Veg,4.6,0.78,2,7.13,Medium
192,Weekend,EV,3.1,6.88,75,Veg,2.6,0.78,1,4.08,Low
192,Weekday,Car,10.25,8.94,50,Veg,3.1,0.75,2,7.92,Medium
192,Weekend,Walk,2.95,9.08,25,Mixed,5.3,1.15,2,9.66,Medium
193,Weekend,Bike,1.47,5.26,75,Mixed,8.0,0.99,0,5.76,Low
193,Weekday,Walk,11.56,5.47,0,Mixed,2.2,0.81,1,8.56,Medium
193,Weekend,Bike,4.87,6.36,25,Mixed,8.1,0.42,0,7.92,Medium
193,Weekend,Car,9.84,3.58,0,Non-Veg,8.3,0.79,0,11.44,High
193,Weekend,Bike,12.06,6.28,0,Non-Veg,4.2,0.75,0,11.55,High
193,Weekday,Bus,7.46,2.92,0,Veg,8.1,0.63,2,4.96,Low
193,Weekday,Car,16.57,4.55,0,Mixed,5.7,0.1,1,10.43,Medium
194,Weekday,Walk,11.12,8.05,0,Mixed,4.7,0.73,1,10.58,Medium
194,Weekend,Bus,10.78,6.25,25,Non-Veg,8.6,0.49,2,10.0,Medium
194,Weekday,Bus,18.74,4.15,0,Non-Veg,3.5,0.72,0,11.27,High
194,Weekend,EV,10.58,7.03,50,Non-Veg,7.9,0.77,2,8.93,Medium
194,Weekday,EV,11.77,5.5,25,Non-Veg,3.0,0.23,1,9.23,Medium
194,Weekend,Car,9.49,5.33,50,Veg,4.5,0.96,1,6.93,Medium
194,Weekday,Car,12.59,5.66,25,Mixed,8.7,0.59,1,9.93,Medium
195,Weekend,EV,0.5,5.41,25,Non-Veg,3.0,1.13,0,10.19,Medium
195,Weekend,Bike,5.53,10.33,50,Non-Veg,8.6,0.75,1,10.24,Medium
195,Weekday,Walk,18.98,8.66,75,Veg,7.0,1.15,0,5.16,Low
195,Weekend,Car,2.5,4.93,0,Veg,2.2,0.53,0,7.21,Medium
195,Weekday,Bike,16.43,8.48,100,Non-Veg,4.4,1.0,0,6.7,Medium
195,Weekday,Car,12.59,9.2,0,Mixed,8.0,1.04,1,14.53,High
195,Weekend,Bus,6.47,3.69,25,Mixed,3.9,0.82,0,7.27,Medium
196,Weekend,EV,8.91,2.0,0,Veg,2.9,0.78,2,4.13,Low
196,Weekend,Bike,11.91,2.61,50,Non-Veg,4.7,0.64,1,6.94,Medium
196,Weekend,Bus,9.54,5.1,25,Non-Veg,4.2,0.56,4,8.47,Medium
196,Weekday,Bus,13.34,6.13,25,Non-Veg,7.1,0.65,1,10.71,Medium
196,Weekday,Bike,11.1,7.53,0,Non-Veg,2.2,0.89,1,12.35,High
196,Weekend,EV,12.51,5.61,25,Mixed,7.2,0.51,1,7.66,Medium
196,Weekday,Bike,7.14,6.68,25,Non-Veg,5.1,0.72,2,9.67,Medium
197,Weekday,Car,14.62,8.71,0,Veg,4.2,0.69,3,11.83,High
197,Weekend,EV,8.54,4.71,0,Non-Veg,8.0,1.03,1,10.54,Medium
197,Weekday,Car,5.63,7.74,25,Veg,7.8,0.7,0,8.78,Medium
197,Weekend,Walk,5.4,7.63,0,Mixed,4.3,0.86,2,9.99,Medium
197,Weekend,Car,3.14,5.47,0,Non-Veg,5.4,0.66,3,10.24,Medium
197,Weekday,EV,12.38,5.44,0,Veg,7.1,0.65,3,6.54,Medium
197,Weekday,Bus,7.08,7.07,50,Mixed,6.3,0.55,1,7.22,Medium
198,Weekday,Car,10.1,4.28,25,Non-Veg,8.6,0.79,0,11.2,High
198,Weekday,Bus,18.04,2.34,50,Veg,8.3,0.61,0,5.13,Low
198,Weekend,Bike,6.28,5.03,0,Veg,7.0,0.54,1,6.38,Medium
198,Weekend,EV,4.0,6.36,25,Veg,6.7,0.27,0,6.39,Medium
198,Weekday,Car,3.99,7.7,75,Mixed,4.9,0.5,1,6.11,Medium
198,Weekend,Bike,11.57,4.65,50,Veg,2.8,0.37,1,3.95,Low
198,Weekday,Bus,13.89,4.97,0,Veg,3.6,0.81,1,7.76,Medium
199,Weekday,EV,14.27,4.57,25,Mixed,4.5,0.87,4,6.32,Medium
199,Weekday,Bus,10.45,7.22,0,Mixed,3.9,0.62,1,10.6,Medium
199,Weekend,Car,12.71,4.91,75,Mixed,6.7,0.53,0,7.81,Medium
199,Weekend,EV,4.16,3.98,0,Veg,4.1,0.7,0,6.27,Medium
199,Weekday,Bus,16.84,6.45,50,Veg,3.8,0.52,2,5.82,Low
199,Weekend,Bike,0.5,8.76,0,Non-Veg,2.1,0.75,1,13.18,High
199,Weekday,EV,7.53,6.89,25,Non-Veg,3.4,0.47,0,10.6,Medium
200,Weekday,EV,12.51,3.72,0,Veg,5.6,0.55,4,4.61,Low
200,Weekend,EV,0.5,3.21,75,Veg,6.2,0.22,0,2.94,Low
200,Weekend,Bike,7.73,4.12,25,Veg,2.8,0.58,1,4.83,Low
200,Weekend,Walk,5.2,4.72,75,Non-Veg,7.1,0.56,1,6.74,Medium
200,Weekday,Bike,7.16,3.88,25,Non-Veg,3.2,0.72,2,7.95,Medium
200,Weekday,Bus,10.91,3.84,75,Mixed,4.7,0.77,0,6.08,Medium
200,Weekend,EV,7.69,5.34,50,Non-Veg,5.0,0.81,1,8.57,Medium
